Year,Team,Team_Continent,Host_Continent,Pre_Tournament_World_Ranking,Games_Played_Last_4_Years,Wins_Last_4_Years,Draws_Last_4_Years,Losses_Last_4_Years,Goals_For_Last_4_Years,Goals_Against_Last_4_Years,Group_Goals_For,Group_Goals_Against,Avg_Group_Goals_For,Avg_Group_Goals_Against,Avg_Group_Goal_Difference,Playoff_Goals_For,Playoff_Goals_Against,Playoff_Matches_Played,Avg_Playoff_Goals_For,Avg_Playoff_Goals_Against,Avg_Playoff_Goal_Difference,WorldCup_Classification,Goal_Difference_Last_4_Years
1930,Uruguay,South America,South America,,27,14,6,7,60,31,5,0,2.5,0.0,2.5,10,3,2,5.0,1.5,3.5,1,1.0740740740740742
1930,Argentina,South America,South America,,25,14,7,4,72,23,10,4,3.333333333333333,1.3333333333333333,2.0,8,5,2,4.0,2.5,1.5,2,1.96
1930,United States,North America,South America,,3,1,1,1,11,16,6,0,3.0,0.0,3.0,1,6,1,1.0,6.0,-5.0,3,-1.6666666666666667
1930,Yugoslavia,Europe,South America,,18,8,1,9,39,41,6,1,3.0,0.5,2.5,1,6,1,1.0,6.0,-5.0,4,-0.1111111111111111
1930,Chile,South America,South America,,8,3,2,3,23,16,5,3,1.6666666666666667,1.0,0.6666666666666666,0,0,0,0.0,0.0,0.0,5,0.875
1930,Brazil,South America,South America,,0,0,0,0,0,0,5,2,2.5,1.0,1.5,0,0,0,0.0,0.0,0.0,6,
1930,France,Europe,South America,,24,4,3,17,36,85,4,3,1.3333333333333333,1.0,0.3333333333333333,0,0,0,0.0,0.0,0.0,7,-2.0416666666666665
1930,Romania,Europe,South America,,11,6,1,4,30,22,3,5,1.5,2.5,-1.0,0,0,0,0.0,0.0,0.0,8,0.7272727272727273
1930,Paraguay,South America,South America,,9,4,1,4,21,26,1,3,0.5,1.5,-1.0,0,0,0,0.0,0.0,0.0,9,-0.5555555555555556
1930,Peru,South America,South America,,6,1,0,5,5,23,1,4,0.5,2.0,-1.5,0,0,0,0.0,0.0,0.0,10,-3.0
1930,Belgium,Europe,South America,,27,9,3,15,50,76,0,4,0.0,2.0,-2.0,0,0,0,0.0,0.0,0.0,11,-0.9629629629629629
1930,Bolivia,South America,South America,,7,0,0,7,5,43,0,8,0.0,4.0,-4.0,0,0,0,0.0,0.0,0.0,12,-5.428571428571429
1930,Mexico,North America,South America,,2,0,0,2,2,10,4,13,1.3333333333333333,4.333333333333333,-3.0,0,0,0,0.0,0.0,0.0,13,-4.0
1934,Italy,Europe,Europe,,25,16,6,3,62,26,0,0,0.0,0.0,0.0,12,3,5,2.4,0.6,1.8,1,1.44
1934,Czechoslovakia,Europe,Europe,,29,14,6,9,57,51,0,0,0.0,0.0,0.0,9,6,4,2.25,1.5,0.75,2,0.20689655172413793
1934,Germany,Europe,Europe,,25,12,6,7,63,49,0,0,0.0,0.0,0.0,11,8,4,2.75,2.0,0.75,3,0.56
1934,Austria,Europe,Europe,,33,22,7,4,108,46,0,0,0.0,0.0,0.0,7,7,4,1.75,1.75,0.0,4,1.878787878787879
1934,Spain,Europe,Europe,,15,9,4,2,44,14,0,0,0.0,0.0,0.0,4,3,3,1.3333333333333333,1.0,0.3333333333333333,5,2.0
1934,Hungary,Europe,Europe,,36,14,9,13,75,72,0,0,0.0,0.0,0.0,5,4,2,2.5,2.0,0.5,6,0.08333333333333333
1934,Switzerland,Europe,Europe,,29,8,5,16,53,79,0,0,0.0,0.0,0.0,5,5,2,2.5,2.5,0.0,7,-0.896551724137931
1934,Sweden,Europe,Europe,,33,16,5,12,89,60,0,0,0.0,0.0,0.0,4,4,2,2.0,2.0,0.0,8,0.8787878787878788
1934,France,Europe,Europe,,27,8,4,15,56,71,0,0,0.0,0.0,0.0,2,3,1,2.0,3.0,-1.0,9,-0.5555555555555556
1934,Argentina,South America,Europe,,11,6,2,3,19,11,0,0,0.0,0.0,0.0,2,3,1,2.0,3.0,-1.0,10,0.7272727272727273
1934,Netherlands,Europe,Europe,,21,10,1,10,53,45,0,0,0.0,0.0,0.0,2,3,1,2.0,3.0,-1.0,11,0.38095238095238093
1934,Romania,Europe,Europe,,16,10,1,5,50,33,0,0,0.0,0.0,0.0,1,2,1,1.0,2.0,-1.0,12,1.0625
1934,Egypt,Africa,Europe,,4,2,1,1,13,6,0,0,0.0,0.0,0.0,2,4,1,2.0,4.0,-2.0,13,1.75
1934,Brazil,South America,Europe,,6,5,0,1,16,10,0,0,0.0,0.0,0.0,1,3,1,1.0,3.0,-2.0,14,1.0
1934,Belgium,Europe,Europe,,29,7,5,17,58,93,0,0,0.0,0.0,0.0,2,5,1,2.0,5.0,-3.0,15,-1.206896551724138
1934,United States,North America,Europe,,3,1,0,2,8,13,0,0,0.0,0.0,0.0,1,7,1,1.0,7.0,-6.0,16,-1.6666666666666667
1938,Italy,Europe,Europe,,19,12,5,2,45,22,0,0,0.0,0.0,0.0,11,5,4,2.75,1.25,1.5,1,1.2105263157894737
1938,Hungary,Europe,Europe,,31,16,7,8,96,70,0,0,0.0,0.0,0.0,15,5,4,3.75,1.25,2.5,2,0.8387096774193549
1938,Brazil,South America,Europe,,6,4,0,2,17,11,0,0,0.0,0.0,0.0,14,11,5,2.8,2.2,0.6,3,1.0
1938,Sweden,Europe,Europe,,24,12,2,10,62,51,0,0,0.0,0.0,0.0,11,9,3,3.6666666666666665,3.0,0.6666666666666666,4,0.4583333333333333
1938,Czechoslovakia,Europe,Europe,,29,12,8,9,61,55,0,0,0.0,0.0,0.0,5,3,3,1.6666666666666667,1.0,0.6666666666666666,5,0.20689655172413793
1938,Switzerland,Europe,Europe,,35,9,6,20,53,80,0,0,0.0,0.0,0.0,5,5,3,1.6666666666666667,1.6666666666666667,0.0,6,-0.7714285714285715
1938,Cuba,North America,Europe,,6,2,0,4,8,17,0,0,0.0,0.0,0.0,5,12,3,1.6666666666666667,4.0,-2.333333333333333,7,-1.5
1938,France,Europe,Europe,,22,9,2,11,36,43,0,0,0.0,0.0,0.0,4,4,2,2.0,2.0,0.0,8,-0.3181818181818182
1938,Romania,Europe,Europe,,20,7,5,8,40,47,0,0,0.0,0.0,0.0,4,5,2,2.0,2.5,-0.5,9,-0.35
1938,Germany,Europe,Europe,,44,30,7,7,123,57,0,0,0.0,0.0,0.0,3,5,2,1.5,2.5,-1.0,10,1.5
1938,Poland,Europe,Europe,,24,8,6,10,57,59,0,0,0.0,0.0,0.0,5,6,1,5.0,6.0,-1.0,11,-0.08333333333333333
1938,Norway,Europe,Europe,,23,8,4,11,39,52,0,0,0.0,0.0,0.0,1,2,1,1.0,2.0,-1.0,12,-0.5652173913043478
1938,Belgium,Europe,Europe,,26,6,7,13,39,65,0,0,0.0,0.0,0.0,1,3,1,1.0,3.0,-2.0,13,-1.0
1938,Netherlands,Europe,Europe,,20,11,4,5,59,30,0,0,0.0,0.0,0.0,0,3,1,0.0,3.0,-3.0,14,1.45
1938,Dutch East Indies,Asia,Europe,,0,0,0,0,0,0,0,0,0.0,0.0,0.0,0,6,1,0.0,6.0,-6.0,15,
1950,Uruguay,South America,South America,,23,10,3,10,56,46,8,0,8.0,0.0,8.0,7,5,3,2.333333333333333,1.6666666666666667,0.6666666666666666,1,0.43478260869565216
1950,Brazil,South America,South America,,16,10,3,3,63,23,8,2,2.6666666666666665,0.6666666666666666,2.0,14,4,3,4.666666666666667,1.3333333333333333,3.333333333333333,2,2.5
1950,Sweden,Europe,South America,,25,16,4,5,85,42,5,4,2.5,2.0,0.5,6,11,3,2.0,3.6666666666666665,-1.6666666666666667,3,1.72
1950,Spain,Europe,South America,,13,5,4,4,30,24,6,1,2.0,0.3333333333333333,1.6666666666666667,4,11,3,1.3333333333333333,3.6666666666666665,-2.333333333333333,4,0.46153846153846156
1954,West Germany,Europe,Europe,,19,13,3,3,49,22,14,11,4.666666666666667,3.6666666666666665,1.0,11,3,3,3.6666666666666665,1.0,2.6666666666666665,1,1.4210526315789473
1954,Hungary,Europe,Europe,,24,18,5,1,96,25,17,3,8.5,1.5,7.0,10,7,3,3.333333333333333,2.333333333333333,1.0,2,2.9583333333333335
1954,Austria,Europe,Europe,,26,10,8,8,69,38,6,0,3.0,0.0,3.0,11,12,3,3.6666666666666665,4.0,-0.3333333333333333,3,1.1923076923076923
1954,Uruguay,South America,Europe,,15,7,3,5,38,25,9,0,4.5,0.0,4.5,7,9,3,2.333333333333333,3.0,-0.6666666666666666,4,0.8666666666666667
1954,Switzerland,Europe,Europe,,24,6,4,14,51,71,6,4,2.0,1.3333333333333333,0.6666666666666666,5,7,1,5.0,7.0,-2.0,5,-0.8333333333333334
1954,Brazil,South America,Europe,,16,12,1,3,39,12,6,1,3.0,0.5,2.5,2,4,1,2.0,4.0,-2.0,6,1.6875
1954,England,Europe,Europe,,29,15,8,6,74,53,6,4,3.0,2.0,1.0,2,4,1,2.0,4.0,-2.0,7,0.7241379310344828
1954,Yugoslavia,Europe,Europe,,26,18,3,5,66,37,2,1,1.0,0.5,0.5,0,2,1,0.0,2.0,-2.0,8,1.1153846153846154
1954,France,Europe,Europe,,27,13,6,8,66,44,3,3,1.5,1.5,0.0,0,0,0,0.0,0.0,0.0,9,0.8148148148148148
1954,Turkey,Europe,Europe,,13,5,3,5,17,27,10,11,3.333333333333333,3.6666666666666665,-0.3333333333333333,0,0,0,0.0,0.0,0.0,10,-0.7692307692307693
1954,Italy,Europe,Europe,,15,7,5,3,27,16,6,7,2.0,2.333333333333333,-0.3333333333333333,0,0,0,0.0,0.0,0.0,11,0.7333333333333333
1954,Belgium,Europe,Europe,,28,12,7,9,62,63,5,8,2.5,4.0,-1.5,0,0,0,0.0,0.0,0.0,12,-0.03571428571428571
1954,Mexico,North America,Europe,,9,5,0,4,24,15,2,8,1.0,4.0,-3.0,0,0,0,0.0,0.0,0.0,13,1.0
1954,Czechoslovakia,Europe,Europe,,17,7,4,6,28,29,0,7,0.0,3.5,-3.5,0,0,0,0.0,0.0,0.0,14,-0.058823529411764705
1954,Scotland,Europe,Europe,,24,13,4,7,52,33,0,8,0.0,4.0,-4.0,0,0,0,0.0,0.0,0.0,15,0.7916666666666666
1954,South Korea,Asia,Europe,,14,6,4,4,37,32,0,16,0.0,8.0,-8.0,0,0,0,0.0,0.0,0.0,16,0.35714285714285715
1958,Brazil,South America,Europe,,46,27,11,8,96,46,5,0,1.6666666666666667,0.0,1.6666666666666667,11,4,3,3.6666666666666665,1.3333333333333333,2.333333333333333,1,1.0869565217391304
1958,Sweden,Europe,Europe,,30,14,8,8,72,56,5,1,1.6666666666666667,0.3333333333333333,1.3333333333333333,7,6,3,2.333333333333333,2.0,0.3333333333333333,2,0.5333333333333333
1958,France,Europe,Europe,,22,10,7,5,45,30,11,7,3.6666666666666665,2.333333333333333,1.3333333333333333,12,8,3,4.0,2.6666666666666665,1.3333333333333333,3,0.6818181818181818
1958,West Germany,Europe,Europe,,26,11,1,14,41,45,7,5,2.333333333333333,1.6666666666666667,0.6666666666666666,5,9,3,1.6666666666666667,3.0,-1.3333333333333333,4,-0.15384615384615385
1958,Soviet Union,Europe,Europe,,0,0,0,0,0,0,5,4,1.25,1.0,0.25,0,2,1,0.0,2.0,-2.0,5,
1958,Northern Ireland,Europe,Europe,,17,4,8,5,21,23,6,6,1.5,1.5,0.0,0,4,1,0.0,4.0,-4.0,6,-0.11764705882352941
1958,Wales,Europe,Europe,,20,6,5,9,25,31,4,3,1.0,0.75,0.25,0,1,1,0.0,1.0,-1.0,7,-0.3
1958,Yugoslavia,Europe,Europe,,31,14,9,8,72,38,7,6,2.333333333333333,2.0,0.3333333333333333,0,1,1,0.0,1.0,-1.0,8,1.096774193548387
1958,Czechoslovakia,Europe,Europe,,24,13,3,8,46,38,9,6,2.25,1.5,0.75,0,0,0,0.0,0.0,0.0,9,0.3333333333333333
1958,Hungary,Europe,Europe,,39,26,7,6,119,50,7,5,1.75,1.25,0.5,0,0,0,0.0,0.0,0.0,10,1.7692307692307692
1958,Paraguay,South America,Europe,,29,7,7,15,41,58,9,12,3.0,4.0,-1.0,0,0,0,0.0,0.0,0.0,11,-0.5862068965517241
1958,England,Europe,Europe,,31,20,6,5,84,37,4,5,1.0,1.25,-0.25,0,0,0,0.0,0.0,0.0,12,1.5161290322580645
1958,Argentina,South America,Europe,,43,27,8,8,90,36,5,10,1.6666666666666667,3.333333333333333,-1.6666666666666667,0,0,0,0.0,0.0,0.0,13,1.255813953488372
1958,Scotland,Europe,Europe,,25,10,8,7,44,44,4,6,1.3333333333333333,2.0,-0.6666666666666666,0,0,0,0.0,0.0,0.0,14,0.0
1958,Austria,Europe,Europe,,28,11,7,10,58,55,2,7,0.6666666666666666,2.333333333333333,-1.6666666666666667,0,0,0,0.0,0.0,0.0,15,0.10714285714285714
1958,Mexico,North America,Europe,,10,5,3,2,23,8,1,8,0.3333333333333333,2.6666666666666665,-2.333333333333333,0,0,0,0.0,0.0,0.0,16,1.5
1962,Brazil,South America,South America,1.0,42,33,3,6,110,46,4,1,1.3333333333333333,0.3333333333333333,1.0,10,4,3,3.333333333333333,1.3333333333333333,2.0,1,1.5238095238095237
1962,Czechoslovakia,Europe,South America,3.0,29,17,3,9,66,36,2,3,0.6666666666666666,1.0,-0.3333333333333333,5,4,3,1.6666666666666667,1.3333333333333333,0.3333333333333333,2,1.0344827586206897
1962,Chile,South America,South America,,30,9,4,17,48,70,5,3,1.6666666666666667,1.0,0.6666666666666666,5,5,3,1.6666666666666667,1.6666666666666667,0.0,3,-0.7333333333333333
1962,Yugoslavia,Europe,South America,4.0,30,18,6,6,83,48,8,3,2.6666666666666665,1.0,1.6666666666666667,2,4,3,0.6666666666666666,1.3333333333333333,-0.6666666666666666,4,1.1666666666666667
1962,Hungary,Europe,South America,,34,20,8,6,80,48,8,2,2.6666666666666665,0.6666666666666666,2.0,0,1,1,0.0,1.0,-1.0,5,0.9411764705882353
1962,Soviet Union,Europe,South America,2.0,0,0,0,0,0,0,8,5,2.6666666666666665,1.6666666666666667,1.0,1,2,1,1.0,2.0,-1.0,6,
1962,West Germany,Europe,South America,5.0,26,14,6,6,60,30,4,1,1.3333333333333333,0.3333333333333333,1.0,0,1,1,0.0,1.0,-1.0,7,1.1538461538461537
1962,England,Europe,South America,6.0,34,16,9,9,96,53,4,3,1.3333333333333333,1.0,0.3333333333333333,1,3,1,1.0,3.0,-2.0,8,1.2647058823529411
1962,Italy,Europe,South America,,17,7,6,4,37,24,3,2,1.0,0.6666666666666666,0.3333333333333333,0,0,0,0.0,0.0,0.0,9,0.7647058823529411
1962,Argentina,South America,South America,,36,21,7,8,78,49,2,3,0.6666666666666666,1.0,-0.3333333333333333,0,0,0,0.0,0.0,0.0,10,0.8055555555555556
1962,Mexico,North America,South America,,26,12,6,8,43,36,3,4,1.0,1.3333333333333333,-0.3333333333333333,0,0,0,0.0,0.0,0.0,11,0.2692307692307692
1962,Spain,Europe,South America,,22,14,3,5,54,30,2,3,0.6666666666666666,1.0,-0.3333333333333333,0,0,0,0.0,0.0,0.0,12,1.0909090909090908
1962,Uruguay,South America,South America,,28,12,6,10,53,50,4,6,1.3333333333333333,2.0,-0.6666666666666666,0,0,0,0.0,0.0,0.0,13,0.10714285714285714
1962,Colombia,South America,South America,,7,2,2,3,7,7,5,11,1.6666666666666667,3.6666666666666665,-2.0,0,0,0,0.0,0.0,0.0,14,0.0
1962,Bulgaria,Europe,South America,,23,12,3,8,28,32,1,7,0.3333333333333333,2.333333333333333,-2.0,0,0,0,0.0,0.0,0.0,15,-0.17391304347826086
1962,Switzerland,Europe,South America,,18,8,0,10,33,51,2,8,0.6666666666666666,2.6666666666666665,-2.0,0,0,0,0.0,0.0,0.0,16,-1.0
1966,England,Europe,Europe,1.0,36,21,9,6,89,49,4,0,1.3333333333333333,0.0,1.3333333333333333,7,3,3,2.333333333333333,1.0,1.3333333333333333,1,1.1111111111111112
1966,West Germany,Europe,Europe,2.0,24,13,4,7,58,29,7,1,2.333333333333333,0.3333333333333333,2.0,8,5,3,2.6666666666666665,1.6666666666666667,1.0,2,1.2083333333333333
1966,Portugal,Europe,Europe,3.0,18,9,3,6,26,24,9,2,3.0,0.6666666666666666,2.333333333333333,8,6,3,2.6666666666666665,2.0,0.6666666666666666,3,0.1111111111111111
1966,Soviet Union,Europe,Europe,4.0,0,0,0,0,0,0,6,1,2.0,0.3333333333333333,1.6666666666666667,4,5,3,1.3333333333333333,1.6666666666666667,-0.3333333333333333,4,
1966,Argentina,South America,Europe,5.0,29,16,8,5,63,31,4,1,1.3333333333333333,0.3333333333333333,1.0,0,1,1,0.0,1.0,-1.0,5,1.103448275862069
1966,Hungary,Europe,Europe,6.0,31,16,7,8,57,39,7,5,2.333333333333333,1.6666666666666667,0.6666666666666666,1,2,1,1.0,2.0,-1.0,6,0.5806451612903226
1966,Uruguay,South America,Europe,,20,8,4,8,30,27,2,1,0.6666666666666666,0.3333333333333333,0.3333333333333333,0,4,1,0.0,4.0,-4.0,7,0.15
1966,North Korea,Asia,Europe,,11,10,1,0,45,4,2,4,0.6666666666666666,1.3333333333333333,-0.6666666666666666,3,5,1,3.0,5.0,-2.0,8,3.727272727272727
1966,Italy,Europe,Europe,,22,13,6,3,46,15,2,2,0.6666666666666666,0.6666666666666666,0.0,0,0,0,0.0,0.0,0.0,9,1.4090909090909092
1966,Spain,Europe,Europe,,18,8,4,6,30,22,4,5,1.3333333333333333,1.6666666666666667,-0.3333333333333333,0,0,0,0.0,0.0,0.0,10,0.4444444444444444
1966,Brazil,South America,Europe,,37,20,7,10,76,49,4,6,1.3333333333333333,2.0,-0.6666666666666666,0,0,0,0.0,0.0,0.0,11,0.7297297297297297
1966,Mexico,North America,Europe,,19,14,4,1,51,8,1,3,0.3333333333333333,1.0,-0.6666666666666666,0,0,0,0.0,0.0,0.0,12,2.263157894736842
1966,France,Europe,Europe,,29,11,6,12,43,37,2,5,0.6666666666666666,1.6666666666666667,-1.0,0,0,0,0.0,0.0,0.0,13,0.20689655172413793
1966,Chile,South America,Europe,,25,7,8,10,30,31,2,5,0.6666666666666666,1.6666666666666667,-1.0,0,0,0,0.0,0.0,0.0,14,-0.04
1966,Bulgaria,Europe,Europe,,24,11,7,6,35,28,1,8,0.3333333333333333,2.6666666666666665,-2.333333333333333,0,0,0,0.0,0.0,0.0,15,0.2916666666666667
1966,Switzerland,Europe,Europe,,21,5,5,11,22,39,1,9,0.3333333333333333,3.0,-2.6666666666666665,0,0,0,0.0,0.0,0.0,16,-0.8095238095238095
1970,Brazil,South America,North America,1.0,39,27,6,6,96,40,8,3,2.6666666666666665,1.0,1.6666666666666667,11,4,3,3.6666666666666665,1.3333333333333333,2.333333333333333,1,1.435897435897436
1970,Italy,Europe,North America,2.0,22,13,8,1,44,17,1,0,0.3333333333333333,0.0,0.3333333333333333,9,8,3,3.0,2.6666666666666665,0.3333333333333333,2,1.2272727272727273
1970,West Germany,Europe,North America,3.0,32,18,10,4,63,22,10,4,3.333333333333333,1.3333333333333333,2.0,7,6,3,2.333333333333333,2.0,0.3333333333333333,3,1.28125
1970,Uruguay,South America,North America,6.0,29,13,9,7,39,29,2,1,0.6666666666666666,0.3333333333333333,0.3333333333333333,2,4,3,0.6666666666666666,1.3333333333333333,-0.6666666666666666,4,0.3448275862068966
1970,Soviet Union,Europe,North America,5.0,0,0,0,0,0,0,6,1,2.0,0.3333333333333333,1.6666666666666667,0,1,1,0.0,1.0,-1.0,5,
1970,Mexico,North America,North America,,63,25,18,20,84,62,5,0,1.6666666666666667,0.0,1.6666666666666667,1,4,1,1.0,4.0,-3.0,6,0.3492063492063492
1970,Peru,South America,North America,,38,13,10,15,53,57,7,5,2.333333333333333,1.6666666666666667,0.6666666666666666,2,4,1,2.0,4.0,-2.0,7,-0.10526315789473684
1970,England,Europe,North America,,36,22,10,4,66,22,2,1,0.6666666666666666,0.3333333333333333,0.3333333333333333,2,3,1,2.0,3.0,-1.0,8,1.2222222222222223
1970,Sweden,Europe,North America,,35,21,6,8,68,40,2,2,0.6666666666666666,0.6666666666666666,0.0,0,0,0,0.0,0.0,0.0,9,0.8
1970,Romania,Europe,North America,,31,11,13,7,43,38,4,5,1.3333333333333333,1.6666666666666667,-0.3333333333333333,0,0,0,0.0,0.0,0.0,10,0.16129032258064516
1970,Belgium,Europe,North America,,21,12,2,7,38,26,4,5,1.3333333333333333,1.6666666666666667,-0.3333333333333333,0,0,0,0.0,0.0,0.0,11,0.5714285714285714
1970,Israel,Europe,North America,,24,8,5,11,44,37,1,3,0.3333333333333333,1.0,-0.6666666666666666,0,0,0,0.0,0.0,0.0,12,0.2916666666666667
1970,Bulgaria,Europe,North America,,29,12,9,8,46,35,5,9,1.6666666666666667,3.0,-1.3333333333333333,0,0,0,0.0,0.0,0.0,13,0.3793103448275862
1970,Morocco,Africa,North America,,19,6,6,7,20,22,2,6,0.6666666666666666,2.0,-1.3333333333333333,0,0,0,0.0,0.0,0.0,14,-0.10526315789473684
1970,Czechoslovakia,Europe,North America,4.0,25,16,3,6,43,21,2,7,0.6666666666666666,2.333333333333333,-1.6666666666666667,0,0,0,0.0,0.0,0.0,15,0.88
1970,El Salvador,North America,North America,,25,13,2,10,35,34,0,9,0.0,3.0,-3.0,0,0,0,0.0,0.0,0.0,16,0.04
1974,West Germany,Europe,Europe,1.0,35,24,5,6,77,23,11,3,1.8333333333333333,0.5,1.3333333333333333,2,1,1,2.0,1.0,1.0,1,1.542857142857143
1974,Netherlands,Europe,Europe,3.0,22,14,5,3,65,16,14,1,2.333333333333333,0.1666666666666666,2.1666666666666665,1,2,1,1.0,2.0,-1.0,2,2.227272727272727
1974,Poland,Europe,Europe,2.0,34,19,8,7,63,30,15,5,2.5,0.8333333333333334,1.6666666666666667,1,0,1,1.0,0.0,1.0,3,0.9705882352941176
1974,Brazil,South America,Europe,4.0,32,21,9,2,55,20,6,3,1.0,0.5,0.5,0,1,1,0.0,1.0,-1.0,4,1.09375
1974,Sweden,Europe,Europe,,31,17,8,6,51,32,7,6,1.1666666666666667,1.0,0.1666666666666666,0,0,0,0.0,0.0,0.0,5,0.6129032258064516
1974,East Germany,Europe,Europe,6.0,0,0,0,0,0,0,5,5,0.8333333333333334,0.8333333333333334,0.0,0,0,0,0.0,0.0,0.0,6,
1974,Yugoslavia,Europe,Europe,7.0,36,16,12,8,61,40,12,7,2.0,1.1666666666666667,0.8333333333333334,0,0,0,0.0,0.0,0.0,7,0.5833333333333334
1974,Argentina,South America,Europe,,37,17,13,7,61,48,9,12,1.5,2.0,-0.5,0,0,0,0.0,0.0,0.0,8,0.35135135135135137
1974,Scotland,Europe,Europe,,33,12,4,17,30,35,3,1,1.0,0.3333333333333333,0.6666666666666666,0,0,0,0.0,0.0,0.0,9,-0.15151515151515152
1974,Italy,Europe,Europe,5.0,26,14,9,3,44,16,5,4,1.6666666666666667,1.3333333333333333,0.3333333333333333,0,0,0,0.0,0.0,0.0,10,1.0769230769230769
1974,Chile,South America,Europe,,34,15,5,14,58,51,1,2,0.3333333333333333,0.6666666666666666,-0.3333333333333333,0,0,0,0.0,0.0,0.0,11,0.20588235294117646
1974,Bulgaria,Europe,Europe,,37,19,9,9,75,44,2,5,0.6666666666666666,1.6666666666666667,-1.0,0,0,0,0.0,0.0,0.0,12,0.8378378378378378
1974,Uruguay,South America,Europe,,27,9,9,9,27,26,1,6,0.3333333333333333,2.0,-1.6666666666666667,0,0,0,0.0,0.0,0.0,13,0.037037037037037035
1974,Australia,Asia,Europe,,29,16,8,5,63,30,0,5,0.0,1.6666666666666667,-1.6666666666666667,0,0,0,0.0,0.0,0.0,14,1.1379310344827587
1974,Haiti,North America,Europe,,41,20,11,10,78,39,2,14,0.6666666666666666,4.666666666666667,-4.0,0,0,0,0.0,0.0,0.0,15,0.9512195121951219
1974,Zaire,Africa,Europe,,0,0,0,0,0,0,0,14,0.0,4.666666666666667,-4.666666666666667,0,0,0,0.0,0.0,0.0,16,
1978,Argentina,South America,South America,3.0,41,24,9,8,85,39,12,3,2.0,0.5,1.5,3,1,1,3.0,1.0,2.0,1,1.1219512195121952
1978,Netherlands,Europe,South America,2.0,25,18,3,4,52,21,14,7,2.333333333333333,1.1666666666666667,1.1666666666666667,1,3,1,1.0,3.0,-2.0,2,1.24
1978,Brazil,South America,South America,1.0,35,25,8,2,73,18,8,2,1.3333333333333333,0.3333333333333333,1.0,2,1,1,2.0,1.0,1.0,3,1.5714285714285714
1978,Italy,Europe,South America,5.0,31,16,6,9,60,31,8,4,1.3333333333333333,0.6666666666666666,0.6666666666666666,1,2,1,1.0,2.0,-1.0,4,0.9354838709677419
1978,Poland,Europe,South America,,40,22,5,13,86,50,6,6,1.0,1.0,0.0,0,0,0,0.0,0.0,0.0,5,0.9
1978,Austria,Europe,South America,,30,16,6,8,46,25,7,10,1.1666666666666667,1.6666666666666667,-0.5,0,0,0,0.0,0.0,0.0,6,0.7
1978,West Germany,Europe,South America,4.0,32,19,9,4,64,27,10,5,1.6666666666666667,0.8333333333333334,0.8333333333333334,0,0,0,0.0,0.0,0.0,7,1.15625
1978,Peru,South America,South America,,35,15,8,12,48,42,7,12,1.1666666666666667,2.0,-0.8333333333333334,0,0,0,0.0,0.0,0.0,8,0.17142857142857143
1978,Tunisia,Africa,South America,,43,17,13,13,56,48,3,2,1.0,0.6666666666666666,0.3333333333333333,0,0,0,0.0,0.0,0.0,9,0.18604651162790697
1978,Spain,Europe,South America,,20,11,7,2,27,14,2,2,0.6666666666666666,0.6666666666666666,0.0,0,0,0,0.0,0.0,0.0,10,0.65
1978,Scotland,Europe,South America,6.0,33,18,9,6,57,31,5,6,1.6666666666666667,2.0,-0.3333333333333333,0,0,0,0.0,0.0,0.0,11,0.7878787878787878
1978,France,Europe,South America,,28,13,10,5,41,21,5,5,1.6666666666666667,1.6666666666666667,0.0,0,0,0,0.0,0.0,0.0,12,0.7142857142857143
1978,Sweden,Europe,South America,,35,16,5,14,48,44,1,3,0.3333333333333333,1.0,-0.6666666666666666,0,0,0,0.0,0.0,0.0,13,0.11428571428571428
1978,Iran,Asia,South America,,36,21,8,7,62,21,2,8,0.6666666666666666,2.6666666666666665,-2.0,0,0,0,0.0,0.0,0.0,14,1.1388888888888888
1978,Hungary,Europe,South America,,41,21,11,9,73,49,3,8,1.0,2.6666666666666665,-1.6666666666666667,0,0,0,0.0,0.0,0.0,15,0.5853658536585366
1978,Mexico,North America,South America,,30,16,6,8,60,27,2,12,0.6666666666666666,4.0,-3.333333333333333,0,0,0,0.0,0.0,0.0,16,1.1
1982,Italy,Europe,Europe,4.0,32,16,10,6,39,28,7,5,1.4,1.0,0.4,5,1,2,2.5,0.5,2.0,1,0.34375
1982,West Germany,Europe,Europe,1.0,39,29,6,4,101,34,8,4,1.6,0.8,0.8,4,6,2,2.0,3.0,-1.0,2,1.7179487179487178
1982,Poland,Europe,Europe,3.0,43,22,7,14,71,40,8,1,1.6,0.2,1.4,3,4,2,1.5,2.0,-0.5,3,0.7209302325581395
1982,France,Europe,Europe,,26,15,2,9,56,26,11,6,2.2,1.2,1.0,5,6,2,2.5,3.0,-0.5,4,1.1538461538461537
1982,Brazil,South America,Europe,,38,26,8,4,90,29,15,6,3.0,1.2,1.8,0,0,0,0.0,0.0,0.0,5,1.605263157894737
1982,England,Europe,Europe,,39,23,7,9,67,32,6,1,1.2,0.2,1.0,0,0,0,0.0,0.0,0.0,6,0.8974358974358975
1982,Soviet Union,Europe,Europe,2.0,0,0,0,0,0,0,7,4,1.4,0.8,0.6,0,0,0,0.0,0.0,0.0,7,
1982,Austria,Europe,Europe,,27,16,6,5,49,28,5,4,1.0,0.8,0.2,0,0,0,0.0,0.0,0.0,8,0.7777777777777778
1982,Belgium,Europe,Europe,,30,16,7,7,45,27,3,5,0.6,1.0,-0.4,0,0,0,0.0,0.0,0.0,9,0.6
1982,Argentina,South America,Europe,,29,12,11,6,47,32,8,7,1.6,1.4,0.2,0,0,0,0.0,0.0,0.0,10,0.5172413793103449
1982,Northern Ireland,Europe,Europe,,29,10,8,11,22,38,5,7,1.0,1.4,-0.4,0,0,0,0.0,0.0,0.0,11,-0.5517241379310345
1982,Spain,Europe,Europe,,37,13,11,13,46,39,4,5,0.8,1.0,-0.2,0,0,0,0.0,0.0,0.0,12,0.1891891891891892
1982,Algeria,Africa,Europe,,35,18,8,9,59,36,5,5,1.6666666666666667,1.6666666666666667,0.0,0,0,0,0.0,0.0,0.0,13,0.6571428571428571
1982,Hungary,Europe,Europe,,35,15,8,12,56,47,12,6,4.0,2.0,2.0,0,0,0,0.0,0.0,0.0,14,0.2571428571428571
1982,Scotland,Europe,Europe,,34,13,6,15,37,42,8,8,2.6666666666666665,2.6666666666666665,0.0,0,0,0,0.0,0.0,0.0,15,-0.14705882352941177
1982,Yugoslavia,Europe,Europe,,22,17,1,4,57,24,2,2,0.6666666666666666,0.6666666666666666,0.0,0,0,0,0.0,0.0,0.0,16,1.5
1982,Cameroon,Africa,Europe,,28,13,10,5,46,23,1,1,0.3333333333333333,0.3333333333333333,0.0,0,0,0,0.0,0.0,0.0,17,0.8214285714285714
1982,Honduras,North America,Europe,,27,13,10,4,38,20,2,3,0.6666666666666666,1.0,-0.3333333333333333,0,0,0,0.0,0.0,0.0,18,0.6666666666666666
1982,Czechoslovakia,Europe,Europe,5.0,44,18,10,16,75,48,2,4,0.6666666666666666,1.3333333333333333,-0.6666666666666666,0,0,0,0.0,0.0,0.0,19,0.6136363636363636
1982,Peru,South America,Europe,,26,9,7,10,28,29,2,6,0.6666666666666666,2.0,-1.3333333333333333,0,0,0,0.0,0.0,0.0,20,-0.038461538461538464
1982,Kuwait,Asia,Europe,,41,23,6,12,76,44,2,6,0.6666666666666666,2.0,-1.3333333333333333,0,0,0,0.0,0.0,0.0,21,0.7804878048780488
1982,Chile,South America,Europe,,32,14,10,8,39,23,3,8,1.0,2.6666666666666665,-1.6666666666666667,0,0,0,0.0,0.0,0.0,22,0.5
1982,New Zealand,Oceania,Europe,,43,22,11,10,87,41,2,12,0.6666666666666666,4.0,-3.333333333333333,0,0,0,0.0,0.0,0.0,23,1.069767441860465
1982,El Salvador,North America,Europe,,24,10,10,4,28,17,1,13,0.3333333333333333,4.333333333333333,-4.0,0,0,0,0.0,0.0,0.0,24,0.4583333333333333
1986,Argentina,South America,North America,1.0,34,11,14,9,37,29,6,2,2.0,0.6666666666666666,1.3333333333333333,8,3,4,2.0,0.75,1.25,1,0.23529411764705882
1986,West Germany,Europe,North America,5.0,40,22,7,11,67,39,3,4,1.0,1.3333333333333333,-0.3333333333333333,5,3,4,1.25,0.75,0.5,2,0.7
1986,France,Europe,North America,2.0,30,20,6,4,53,19,5,1,1.6666666666666667,0.3333333333333333,1.3333333333333333,7,5,4,1.75,1.25,0.5,3,1.1333333333333333
1986,Belgium,Europe,North America,,27,11,7,9,33,34,5,5,1.6666666666666667,1.6666666666666667,0.0,7,10,4,1.75,2.5,-0.75,4,-0.037037037037037035
1986,Brazil,South America,North America,3.0,35,16,11,8,53,31,5,0,1.6666666666666667,0.0,1.6666666666666667,5,1,2,2.5,0.5,2.0,5,0.6285714285714286
1986,Mexico,North America,North America,,49,26,15,8,74,41,4,2,1.3333333333333333,0.6666666666666666,0.6666666666666666,2,0,2,1.0,0.0,1.0,6,0.673469387755102
1986,Spain,Europe,North America,4.0,34,19,9,6,59,27,5,2,1.6666666666666667,0.6666666666666666,1.0,6,2,2,3.0,1.0,2.0,7,0.9411764705882353
1986,England,Europe,North America,6.0,44,24,11,9,80,24,3,1,1.0,0.3333333333333333,0.6666666666666666,4,2,2,2.0,1.0,1.0,8,1.2727272727272727
1986,Denmark,Europe,North America,,38,19,6,13,63,44,9,1,3.0,0.3333333333333333,2.6666666666666665,1,5,1,1.0,5.0,-4.0,9,0.5
1986,Soviet Union,Europe,North America,7.0,0,0,0,0,0,0,9,1,3.0,0.3333333333333333,2.6666666666666665,3,4,1,3.0,4.0,-1.0,10,
1986,Morocco,Africa,North America,,32,11,12,9,33,22,3,1,1.0,0.3333333333333333,0.6666666666666666,0,1,1,0.0,1.0,-1.0,11,0.34375
1986,Italy,Europe,North America,,30,12,9,9,37,27,5,4,1.6666666666666667,1.3333333333333333,0.3333333333333333,0,2,1,0.0,2.0,-2.0,12,0.3333333333333333
1986,Paraguay,South America,North America,,39,15,14,10,51,38,4,3,1.3333333333333333,1.0,0.3333333333333333,0,3,1,0.0,3.0,-3.0,13,0.3333333333333333
1986,Poland,Europe,North America,,40,14,13,13,47,47,1,3,0.3333333333333333,1.0,-0.6666666666666666,0,4,1,0.0,4.0,-4.0,14,0.0
1986,Bulgaria,Europe,North America,,43,16,13,14,68,52,2,4,0.6666666666666666,1.3333333333333333,-0.6666666666666666,0,2,1,0.0,2.0,-2.0,15,0.37209302325581395
1986,Uruguay,South America,North America,,43,21,13,9,61,37,2,7,0.6666666666666666,2.333333333333333,-1.6666666666666667,0,1,1,0.0,1.0,-1.0,16,0.5581395348837209
1986,Portugal,Europe,North America,,29,14,4,11,38,40,2,4,0.6666666666666666,1.3333333333333333,-0.6666666666666666,0,0,0,0.0,0.0,0.0,17,-0.06896551724137931
1986,Hungary,Europe,North America,,35,19,6,10,66,34,2,9,0.6666666666666666,3.0,-2.333333333333333,0,0,0,0.0,0.0,0.0,18,0.9142857142857143
1986,Scotland,Europe,North America,,31,14,8,9,42,25,1,3,0.3333333333333333,1.0,-0.6666666666666666,0,0,0,0.0,0.0,0.0,19,0.5483870967741935
1986,South Korea,Asia,North America,,46,26,7,13,88,33,4,7,1.3333333333333333,2.333333333333333,-1.0,0,0,0,0.0,0.0,0.0,20,1.1956521739130435
1986,Northern Ireland,Europe,North America,,27,12,9,6,25,15,2,6,0.6666666666666666,2.0,-1.3333333333333333,0,0,0,0.0,0.0,0.0,21,0.37037037037037035
1986,Algeria,Africa,North America,,43,17,13,13,68,51,1,5,0.3333333333333333,1.6666666666666667,-1.3333333333333333,0,0,0,0.0,0.0,0.0,22,0.3953488372093023
1986,Iraq,Asia,North America,,37,21,9,7,63,36,1,4,0.3333333333333333,1.3333333333333333,-1.0,0,0,0,0.0,0.0,0.0,23,0.7297297297297297
1986,Canada,North America,North America,,36,12,8,16,31,49,0,5,0.0,1.6666666666666667,-1.6666666666666667,0,0,0,0.0,0.0,0.0,24,-0.5
1990,West Germany,Europe,Europe,1.0,33,16,13,4,48,26,10,3,3.333333333333333,1.0,2.333333333333333,5,2,4,1.25,0.5,0.75,1,0.6666666666666666
1990,Argentina,South America,Europe,,30,6,12,12,24,34,3,2,1.0,0.6666666666666666,0.3333333333333333,2,2,4,0.5,0.5,0.0,2,-0.3333333333333333
1990,Italy,Europe,Europe,2.0,37,22,10,5,52,15,4,0,1.3333333333333333,0.0,1.3333333333333333,6,2,4,1.5,0.5,1.0,3,1.0
1990,England,Europe,Europe,4.0,38,18,14,6,58,26,2,1,0.6666666666666666,0.3333333333333333,0.3333333333333333,6,5,4,1.5,1.25,0.25,4,0.8421052631578947
1990,Yugoslavia,Europe,Europe,,32,16,8,8,51,30,6,5,2.0,1.6666666666666667,0.3333333333333333,2,1,2,1.0,0.5,0.5,5,0.65625
1990,Czechoslovakia,Europe,Europe,,38,19,9,10,50,33,6,3,2.0,1.0,1.0,4,2,2,2.0,1.0,1.0,6,0.4473684210526316
1990,Cameroon,Africa,Europe,,43,26,9,8,61,33,3,5,1.0,1.6666666666666667,-0.6666666666666666,4,4,2,2.0,2.0,0.0,7,0.6511627906976745
1990,Republic of Ireland,Europe,Europe,,33,18,11,4,43,13,2,2,0.6666666666666666,0.6666666666666666,0.0,0,1,2,0.0,0.5,-0.5,8,0.9090909090909091
1990,Brazil,South America,Europe,3.0,43,27,10,6,78,30,4,1,1.3333333333333333,0.3333333333333333,1.0,0,1,1,0.0,1.0,-1.0,9,1.1162790697674418
1990,Spain,Europe,Europe,6.0,35,18,7,10,60,37,5,2,1.6666666666666667,0.6666666666666666,1.0,1,2,1,1.0,2.0,-1.0,10,0.6571428571428571
1990,Belgium,Europe,Europe,,28,12,10,6,47,25,6,3,2.0,1.0,1.0,0,1,1,0.0,1.0,-1.0,11,0.7857142857142857
1990,Costa Rica,North America,Europe,,24,10,4,10,27,27,3,2,1.0,0.6666666666666666,0.3333333333333333,1,4,1,1.0,4.0,-3.0,12,0.0
1990,Romania,Europe,Europe,,37,18,11,8,67,42,4,3,1.3333333333333333,1.0,0.3333333333333333,0,0,1,0.0,0.0,0.0,13,0.6756756756756757
1990,Colombia,South America,Europe,,34,18,10,6,42,23,3,2,1.0,0.6666666666666666,0.3333333333333333,1,2,1,1.0,2.0,-1.0,14,0.5588235294117647
1990,Uruguay,South America,Europe,,37,20,8,9,56,29,2,3,0.6666666666666666,1.0,-0.3333333333333333,0,2,1,0.0,2.0,-2.0,15,0.7297297297297297
1990,Netherlands,Europe,Europe,5.0,35,19,9,7,55,21,2,2,0.6666666666666666,0.6666666666666666,0.0,1,2,1,1.0,2.0,-1.0,16,0.9714285714285714
1990,Soviet Union,Europe,Europe,,0,0,0,0,0,0,4,4,1.3333333333333333,1.3333333333333333,0.0,0,0,0,0.0,0.0,0.0,17,
1990,Austria,Europe,Europe,,36,13,10,13,50,53,2,3,0.6666666666666666,1.0,-0.3333333333333333,0,0,0,0.0,0.0,0.0,18,-0.08333333333333333
1990,Scotland,Europe,Europe,,32,11,11,10,31,33,2,3,0.6666666666666666,1.0,-0.3333333333333333,0,0,0,0.0,0.0,0.0,19,-0.0625
1990,Egypt,Africa,Europe,,61,26,22,13,64,42,1,2,0.3333333333333333,0.6666666666666666,-0.3333333333333333,0,0,0,0.0,0.0,0.0,20,0.36065573770491804
1990,Sweden,Europe,Europe,,40,23,11,6,68,33,3,6,1.0,2.0,-1.0,0,0,0,0.0,0.0,0.0,21,0.875
1990,South Korea,Asia,Europe,,48,29,14,5,87,29,1,6,0.3333333333333333,2.0,-1.6666666666666667,0,0,0,0.0,0.0,0.0,22,1.2083333333333333
1990,United States,North America,Europe,,39,16,7,16,42,41,2,8,0.6666666666666666,2.6666666666666665,-2.0,0,0,0,0.0,0.0,0.0,23,0.02564102564102564
1990,United Arab Emirates,Asia,Europe,,53,22,17,14,67,57,2,11,0.6666666666666666,3.6666666666666665,-3.0,0,0,0,0.0,0.0,0.0,24,0.18867924528301888
1991,United States,North America,Asia,,52,19,10,23,55,57,11,2,3.6666666666666665,0.6666666666666666,3.0,14,3,3,4.666666666666667,1.0,3.6666666666666665,1,-0.038461538461538464
1991,Norway,Europe,Asia,,36,10,12,14,51,46,6,5,2.0,1.6666666666666667,0.3333333333333333,8,5,3,2.6666666666666665,1.6666666666666667,1.0,2,0.1388888888888889
1991,Sweden,Europe,Asia,,39,19,9,11,66,42,12,3,4.0,1.0,3.0,6,4,3,2.0,1.3333333333333333,0.6666666666666666,3,0.6153846153846154
1991,Germany,Europe,Asia,,41,24,14,3,70,30,9,0,3.0,0.0,3.0,4,10,3,1.3333333333333333,3.333333333333333,-2.0,4,0.975609756097561
1991,China,Asia,Asia,,0,0,0,0,0,0,10,3,3.333333333333333,1.0,2.333333333333333,0,1,1,0.0,1.0,-1.0,5,
1991,Italy,Europe,Asia,,41,25,12,4,55,15,6,2,2.0,0.6666666666666666,1.3333333333333333,2,3,1,2.0,3.0,-1.0,6,0.975609756097561
1991,Denmark,Europe,Asia,,43,17,11,15,57,40,6,4,2.0,1.3333333333333333,0.6666666666666666,1,2,1,1.0,2.0,-1.0,7,0.3953488372093023
1991,Brazil,South America,Asia,,45,26,13,6,70,30,1,7,0.3333333333333333,2.333333333333333,-2.0,0,0,0,0.0,0.0,0.0,8,0.8888888888888888
1991,Chinese Taipei,Asia,Asia,,0,0,0,0,0,0,2,8,0.6666666666666666,2.6666666666666665,-2.0,0,7,1,0.0,7.0,-7.0,9,
1991,Nigeria,Africa,Asia,,30,13,11,6,36,19,0,7,0.0,2.333333333333333,-2.333333333333333,0,0,0,0.0,0.0,0.0,10,0.5666666666666667
1991,New Zealand,Oceania,Asia,,19,8,3,8,26,23,1,11,0.3333333333333333,3.6666666666666665,-3.333333333333333,0,0,0,0.0,0.0,0.0,11,0.15789473684210525
1991,Japan,Asia,Asia,,30,6,9,15,24,33,0,12,0.0,4.0,-4.0,0,0,0,0.0,0.0,0.0,12,-0.3
1994,Brazil,South America,North America,3.0,50,25,16,9,93,45,6,1,2.0,0.3333333333333333,1.6666666666666667,5,2,4,1.25,0.5,0.75,1,0.96
1994,Italy,Europe,North America,4.0,33,18,10,5,55,21,2,2,0.6666666666666666,0.6666666666666666,0.0,6,3,4,1.5,0.75,0.75,2,1.0303030303030303
1994,Sweden,Europe,North America,10.0,42,21,9,12,75,46,6,4,2.0,1.3333333333333333,0.6666666666666666,9,4,4,2.25,1.0,1.25,3,0.6904761904761905
1994,Bulgaria,Europe,North America,23.0,33,12,11,10,50,40,6,3,2.0,1.0,1.0,4,8,4,1.0,2.0,-1.0,4,0.30303030303030304
1994,Germany,Europe,North America,1.0,39,23,9,7,74,39,5,3,1.6666666666666667,1.0,0.6666666666666666,4,4,2,2.0,2.0,0.0,5,0.8974358974358975
1994,Romania,Europe,North America,7.0,39,23,5,11,69,39,5,5,1.6666666666666667,1.6666666666666667,0.0,5,4,2,2.5,2.0,0.5,6,0.7692307692307693
1994,Netherlands,Europe,North America,2.0,34,19,9,6,71,28,4,3,1.3333333333333333,1.0,0.3333333333333333,4,3,2,2.0,1.5,0.5,7,1.2647058823529411
1994,Spain,Europe,North America,5.0,33,16,9,8,62,31,6,4,2.0,1.3333333333333333,0.6666666666666666,4,2,2,2.0,1.0,1.0,8,0.9393939393939394
1994,Nigeria,Africa,North America,11.0,46,24,12,10,80,32,6,2,2.0,0.6666666666666666,1.3333333333333333,1,2,1,1.0,2.0,-1.0,9,1.0434782608695652
1994,Argentina,South America,North America,8.0,43,23,16,4,67,38,6,3,2.0,1.0,1.0,2,3,1,2.0,3.0,-1.0,10,0.6744186046511628
1994,Belgium,Europe,North America,20.0,23,11,4,8,31,20,2,1,0.6666666666666666,0.3333333333333333,0.3333333333333333,2,3,1,2.0,3.0,-1.0,11,0.4782608695652174
1994,Saudi Arabia,Asia,North America,34.0,49,26,12,11,89,43,4,3,1.3333333333333333,1.0,0.3333333333333333,1,3,1,1.0,3.0,-2.0,12,0.9387755102040817
1994,Mexico,North America,North America,16.0,68,31,23,14,131,63,3,3,1.0,1.0,0.0,1,1,1,1.0,1.0,0.0,13,1.0
1994,United States,North America,North America,23.0,93,30,29,34,113,105,3,3,1.0,1.0,0.0,0,1,1,0.0,1.0,-1.0,14,0.08602150537634409
1994,Switzerland,Europe,North America,12.0,36,22,8,6,79,32,5,4,1.6666666666666667,1.3333333333333333,0.3333333333333333,0,3,1,0.0,3.0,-3.0,15,1.3055555555555556
1994,Republic of Ireland,Europe,North America,14.0,35,19,11,5,57,28,2,2,0.6666666666666666,0.6666666666666666,0.0,0,2,1,0.0,2.0,-2.0,16,0.8285714285714286
1994,Norway,Europe,North America,6.0,41,19,13,9,75,30,1,1,0.3333333333333333,0.3333333333333333,0.0,0,0,0,0.0,0.0,0.0,17,1.0975609756097562
1994,Russia,Europe,North America,19.0,53,25,19,9,81,49,7,6,2.333333333333333,2.0,0.3333333333333333,0,0,0,0.0,0.0,0.0,18,0.6037735849056604
1994,Colombia,South America,North America,17.0,41,18,18,5,51,26,4,5,1.3333333333333333,1.6666666666666667,-0.3333333333333333,0,0,0,0.0,0.0,0.0,19,0.6097560975609756
1994,South Korea,Asia,North America,37.0,51,25,17,9,90,33,4,5,1.3333333333333333,1.6666666666666667,-0.3333333333333333,0,0,0,0.0,0.0,0.0,20,1.1176470588235294
1994,Bolivia,South America,North America,43.0,40,9,14,17,43,50,1,4,0.3333333333333333,1.3333333333333333,-1.0,0,0,0,0.0,0.0,0.0,21,-0.175
1994,Cameroon,Africa,North America,24.0,59,23,24,12,65,43,3,11,1.0,3.6666666666666665,-2.6666666666666665,0,0,0,0.0,0.0,0.0,22,0.3728813559322034
1994,Morocco,Africa,North America,28.0,39,19,12,8,56,26,2,5,0.6666666666666666,1.6666666666666667,-1.0,0,0,0,0.0,0.0,0.0,23,0.7692307692307693
1994,Greece,Europe,North America,23.0,34,14,10,10,45,36,0,10,0.0,3.333333333333333,-3.333333333333333,0,0,0,0.0,0.0,0.0,24,0.2647058823529412
1995,Norway,Europe,Europe,,45,23,13,9,85,30,17,0,5.666666666666667,0.0,5.666666666666667,6,1,3,2.0,0.3333333333333333,1.6666666666666667,1,1.2222222222222223
1995,Germany,Europe,Europe,,47,28,12,7,87,44,9,4,3.0,1.3333333333333333,1.6666666666666667,4,2,3,1.3333333333333333,0.6666666666666666,0.6666666666666666,2,0.9148936170212766
1995,United States,North America,Europe,,88,25,27,36,102,106,9,4,3.0,1.3333333333333333,1.6666666666666667,6,1,3,2.0,0.3333333333333333,1.6666666666666667,3,-0.045454545454545456
1995,China,Asia,Europe,,0,0,0,0,0,0,10,6,3.333333333333333,2.0,1.3333333333333333,1,4,3,0.3333333333333333,1.3333333333333333,-1.0,4,
1995,Sweden,Europe,Europe,,49,24,12,13,85,55,5,3,1.6666666666666667,1.0,0.6666666666666666,1,1,1,1.0,1.0,0.0,5,0.6122448979591837
1995,England,Europe,Europe,,34,13,13,8,51,27,6,6,2.0,2.0,0.0,0,3,1,0.0,3.0,-3.0,6,0.7058823529411765
1995,Denmark,Europe,Europe,,41,21,13,7,56,27,6,5,2.0,1.6666666666666667,0.3333333333333333,1,3,1,1.0,3.0,-2.0,7,0.7073170731707317
1995,Brazil,South America,Europe,,50,30,14,6,107,37,3,8,1.0,2.6666666666666665,-1.6666666666666667,0,0,0,0.0,0.0,0.0,8,1.4
1995,Japan,Asia,Europe,,47,22,15,10,85,47,2,4,0.6666666666666666,1.3333333333333333,-0.6666666666666666,0,4,1,0.0,4.0,-4.0,9,0.8085106382978723
1995,Canada,North America,Europe,,33,11,10,12,43,53,5,13,1.6666666666666667,4.333333333333333,-2.6666666666666665,0,0,0,0.0,0.0,0.0,10,-0.30303030303030304
1995,Nigeria,Africa,Europe,,47,24,11,12,81,36,5,14,1.6666666666666667,4.666666666666667,-3.0,0,0,0,0.0,0.0,0.0,11,0.9574468085106383
1995,Australia,Asia,Europe,,33,17,7,9,39,22,3,13,1.0,4.333333333333333,-3.333333333333333,0,0,0,0.0,0.0,0.0,12,0.5151515151515151
1998,France,Europe,Europe,18.0,40,22,15,3,65,21,9,1,3.0,0.3333333333333333,2.6666666666666665,6,1,4,1.5,0.25,1.25,1,1.1
1998,Brazil,South America,Europe,1.0,61,47,10,4,151,44,6,3,2.0,1.0,1.0,8,7,4,2.0,1.75,0.25,2,1.7540983606557377
1998,Croatia,Europe,Europe,19.0,36,20,11,5,75,36,4,2,1.3333333333333333,0.6666666666666666,0.6666666666666666,7,3,4,1.75,0.75,1.0,3,1.0833333333333333
1998,Netherlands,Europe,Europe,20.0,34,19,7,8,69,23,7,2,2.333333333333333,0.6666666666666666,1.6666666666666667,6,5,4,1.5,1.25,0.25,4,1.3529411764705883
1998,Italy,Europe,Europe,14.0,35,20,10,5,58,26,7,3,2.333333333333333,1.0,1.3333333333333333,1,0,2,0.5,0.0,0.5,5,0.9142857142857143
1998,Argentina,South America,Europe,6.0,47,26,12,9,80,37,7,0,2.333333333333333,0.0,2.333333333333333,3,4,2,1.5,2.0,-0.5,6,0.9148936170212766
1998,Germany,Europe,Europe,2.0,48,33,12,3,98,31,6,2,2.0,0.6666666666666666,1.3333333333333333,2,4,2,1.0,2.0,-1.0,7,1.3958333333333333
1998,Denmark,Europe,Europe,17.0,34,21,7,6,51,28,3,3,1.0,1.0,0.0,6,4,2,3.0,2.0,1.0,8,0.6764705882352942
1998,England,Europe,Europe,5.0,41,22,14,5,58,21,5,2,1.6666666666666667,0.6666666666666666,1.0,2,2,1,2.0,2.0,0.0,9,0.9024390243902439
1998,Yugoslavia,Europe,Europe,8.0,0,0,0,0,0,0,4,2,1.3333333333333333,0.6666666666666666,0.6666666666666666,1,2,1,1.0,2.0,-1.0,10,
1998,Romania,Europe,Europe,22.0,35,19,8,8,73,28,4,2,1.3333333333333333,0.6666666666666666,0.6666666666666666,0,1,1,0.0,1.0,-1.0,11,1.2857142857142858
1998,Nigeria,Africa,Europe,11.0,25,9,5,11,27,29,5,5,1.6666666666666667,1.6666666666666667,0.0,1,4,1,1.0,4.0,-3.0,12,-0.08
1998,Mexico,North America,Europe,4.0,73,33,20,20,130,87,7,5,2.333333333333333,1.6666666666666667,0.6666666666666666,1,2,1,1.0,2.0,-1.0,13,0.589041095890411
1998,Paraguay,South America,Europe,29.0,46,21,12,13,60,46,3,1,1.0,0.3333333333333333,0.6666666666666666,0,1,1,0.0,1.0,-1.0,14,0.30434782608695654
1998,Norway,Europe,Europe,7.0,41,24,11,6,86,28,5,4,1.6666666666666667,1.3333333333333333,0.3333333333333333,0,1,1,0.0,1.0,-1.0,15,1.4146341463414633
1998,Chile,South America,Europe,9.0,49,21,12,16,81,64,4,4,1.3333333333333333,1.3333333333333333,0.0,1,4,1,1.0,4.0,-3.0,16,0.3469387755102041
1998,Spain,Europe,Europe,15.0,33,21,11,1,67,18,8,4,2.6666666666666665,1.3333333333333333,1.3333333333333333,0,0,0,0.0,0.0,0.0,17,1.4848484848484849
1998,Morocco,Africa,Europe,13.0,39,24,8,7,76,24,5,5,1.6666666666666667,1.6666666666666667,0.0,0,0,0,0.0,0.0,0.0,18,1.3333333333333333
1998,Belgium,Europe,Europe,36.0,31,13,9,9,49,39,3,3,1.0,1.0,0.0,0,0,0,0.0,0.0,0.0,19,0.3225806451612903
1998,Iran,Asia,Europe,42.0,50,26,15,9,119,36,2,4,0.6666666666666666,1.3333333333333333,-0.6666666666666666,0,0,0,0.0,0.0,0.0,20,1.66
1998,Colombia,South America,Europe,10.0,52,20,16,16,65,57,1,3,0.3333333333333333,1.0,-0.6666666666666666,0,0,0,0.0,0.0,0.0,21,0.15384615384615385
1998,Jamaica,North America,Europe,30.0,83,39,24,20,113,75,3,9,1.0,3.0,-2.0,0,0,0,0.0,0.0,0.0,22,0.4578313253012048
1998,Austria,Europe,Europe,31.0,28,17,2,9,54,30,3,4,1.0,1.3333333333333333,-0.3333333333333333,0,0,0,0.0,0.0,0.0,23,0.8571428571428571
1998,South Africa,Africa,Europe,24.0,43,19,11,13,58,44,3,6,1.0,2.0,-1.0,0,0,0,0.0,0.0,0.0,24,0.32558139534883723
1998,Cameroon,Africa,Europe,11.0,51,19,16,16,59,62,2,5,0.6666666666666666,1.6666666666666667,-1.0,0,0,0,0.0,0.0,0.0,25,-0.058823529411764705
1998,Tunisia,Africa,Europe,21.0,55,29,11,15,77,46,1,4,0.3333333333333333,1.3333333333333333,-1.0,0,0,0,0.0,0.0,0.0,26,0.5636363636363636
1998,Scotland,Europe,Europe,41.0,36,18,8,10,44,23,2,6,0.6666666666666666,2.0,-1.3333333333333333,0,0,0,0.0,0.0,0.0,27,0.5833333333333334
1998,Saudi Arabia,Asia,Europe,34.0,77,41,15,21,125,88,2,7,0.6666666666666666,2.333333333333333,-1.6666666666666667,0,0,0,0.0,0.0,0.0,28,0.4805194805194805
1998,Bulgaria,Europe,Europe,35.0,33,18,5,10,60,35,1,7,0.3333333333333333,2.333333333333333,-2.0,0,0,0,0.0,0.0,0.0,29,0.7575757575757576
1998,South Korea,Asia,Europe,16.0,73,38,18,17,142,79,2,9,0.6666666666666666,3.0,-2.333333333333333,0,0,0,0.0,0.0,0.0,30,0.863013698630137
1998,Japan,Asia,Europe,12.0,70,33,18,19,155,88,1,4,0.3333333333333333,1.3333333333333333,-1.0,0,0,0,0.0,0.0,0.0,31,0.9571428571428572
1998,United States,North America,Europe,11.0,64,27,16,21,88,68,1,5,0.3333333333333333,1.6666666666666667,-1.3333333333333333,0,0,0,0.0,0.0,0.0,32,0.3125
1999,United States,North America,North America,,56,25,14,17,77,57,13,1,4.333333333333333,0.3333333333333333,4.0,5,2,3,1.6666666666666667,0.6666666666666666,1.0,1,0.35714285714285715
1999,China,Asia,North America,,0,0,0,0,0,0,12,2,4.0,0.6666666666666666,3.333333333333333,7,0,3,2.333333333333333,0.0,2.333333333333333,2,
1999,Brazil,South America,North America,,60,44,9,7,152,51,12,4,4.0,1.3333333333333333,2.6666666666666665,4,5,3,1.3333333333333333,1.6666666666666667,-0.3333333333333333,3,1.6833333333333333
1999,Norway,Europe,North America,,46,22,16,8,86,41,13,2,4.333333333333333,0.6666666666666666,3.6666666666666665,3,6,3,1.0,2.0,-1.0,4,0.9782608695652174
1999,Russia,Europe,North America,,44,21,11,12,83,48,10,3,3.333333333333333,1.0,2.333333333333333,0,2,1,0.0,2.0,-2.0,5,0.7954545454545454
1999,Sweden,Europe,North America,,42,26,8,8,52,28,6,3,2.0,1.0,1.0,1,3,1,1.0,3.0,-2.0,6,0.5714285714285714
1999,Nigeria,Africa,North America,,24,10,3,11,27,40,5,8,1.6666666666666667,2.6666666666666665,-1.0,3,4,1,3.0,4.0,-1.0,7,-0.5416666666666666
1999,Germany,Europe,North America,,53,34,13,6,111,42,10,4,3.333333333333333,1.3333333333333333,2.0,2,3,1,2.0,3.0,-1.0,8,1.3018867924528301
1999,Italy,Europe,North America,,39,20,15,4,60,27,3,3,1.0,1.0,0.0,0,0,0,0.0,0.0,0.0,9,0.8461538461538461
1999,North Korea,Asia,North America,,6,1,3,2,8,14,4,6,1.3333333333333333,2.0,-0.6666666666666666,0,0,0,0.0,0.0,0.0,10,-1.0
1999,Australia,Asia,North America,,40,23,7,10,94,38,3,7,1.0,2.333333333333333,-1.3333333333333333,0,0,0,0.0,0.0,0.0,11,1.4
1999,Canada,North America,North America,,26,11,5,10,28,33,3,12,1.0,4.0,-3.0,0,0,0,0.0,0.0,0.0,12,-0.19230769230769232
1999,Japan,Asia,North America,,63,33,11,19,138,70,1,10,0.3333333333333333,3.333333333333333,-3.0,0,0,0,0.0,0.0,0.0,13,1.0793650793650793
1999,Ghana,Africa,North America,,47,15,14,18,45,59,1,10,0.3333333333333333,3.333333333333333,-3.0,0,0,0,0.0,0.0,0.0,14,-0.2978723404255319
1999,Denmark,Europe,North America,,36,17,8,11,48,36,1,8,0.3333333333333333,2.6666666666666665,-2.333333333333333,0,0,0,0.0,0.0,0.0,15,0.3333333333333333
1999,Mexico,North America,North America,,73,33,20,20,132,87,1,15,0.3333333333333333,5.0,-4.666666666666667,0,0,0,0.0,0.0,0.0,16,0.6164383561643836
2002,Brazil,South America,Asia,2.0,63,38,12,13,144,53,11,3,3.6666666666666665,1.0,2.6666666666666665,7,1,4,1.75,0.25,1.5,1,1.4444444444444444
2002,Germany,Europe,Asia,11.0,47,24,10,13,100,58,11,1,3.6666666666666665,0.3333333333333333,3.333333333333333,3,2,4,0.75,0.5,0.25,2,0.8936170212765957
2002,Turkey,Europe,Asia,22.0,36,15,11,10,46,33,5,3,1.6666666666666667,1.0,0.6666666666666666,5,3,4,1.25,0.75,0.5,3,0.3611111111111111
2002,South Korea,Asia,Asia,40.0,65,28,23,14,95,60,4,1,1.3333333333333333,0.3333333333333333,1.0,4,5,4,1.0,1.25,-0.25,4,0.5384615384615384
2002,Spain,Europe,Asia,8.0,40,25,7,8,97,35,9,4,3.0,1.3333333333333333,1.6666666666666667,1,1,2,0.5,0.5,0.0,5,1.55
2002,England,Europe,Asia,12.0,40,17,14,9,65,34,2,1,0.6666666666666666,0.3333333333333333,0.3333333333333333,4,2,2,2.0,1.0,1.0,6,0.775
2002,Senegal,Africa,Asia,42.0,58,25,21,12,76,45,5,4,1.6666666666666667,1.3333333333333333,0.3333333333333333,2,2,2,1.0,1.0,0.0,7,0.5344827586206896
2002,United States,North America,Asia,13.0,59,30,13,16,91,46,5,6,1.6666666666666667,2.0,-0.3333333333333333,2,1,2,1.0,0.5,0.5,8,0.7627118644067796
2002,Japan,Asia,Asia,32.0,52,24,15,13,86,49,5,2,1.6666666666666667,0.6666666666666666,1.0,0,1,1,0.0,1.0,-1.0,9,0.7115384615384616
2002,Denmark,Europe,Asia,20.0,41,20,11,10,62,38,5,2,1.6666666666666667,0.6666666666666666,1.0,0,3,1,0.0,3.0,-3.0,10,0.5853658536585366
2002,Mexico,North America,Asia,7.0,82,41,16,25,132,90,4,2,1.3333333333333333,0.6666666666666666,0.6666666666666666,0,2,1,0.0,2.0,-2.0,11,0.5121951219512195
2002,Republic of Ireland,Europe,Asia,15.0,37,21,9,7,66,28,5,2,1.6666666666666667,0.6666666666666666,1.0,1,1,1,1.0,1.0,0.0,12,1.027027027027027
2002,Sweden,Europe,Asia,19.0,48,24,16,8,64,29,4,3,1.3333333333333333,1.0,0.3333333333333333,1,2,1,1.0,2.0,-1.0,13,0.7291666666666666
2002,Belgium,Europe,Asia,23.0,40,17,12,11,66,43,6,5,2.0,1.6666666666666667,0.3333333333333333,0,2,1,0.0,2.0,-2.0,14,0.575
2002,Italy,Europe,Asia,6.0,39,21,11,7,53,26,4,3,1.3333333333333333,1.0,0.3333333333333333,1,2,1,1.0,2.0,-1.0,15,0.6923076923076923
2002,Paraguay,South America,Asia,18.0,49,21,14,14,66,58,6,6,2.0,2.0,0.0,0,1,1,0.0,1.0,-1.0,16,0.16326530612244897
2002,South Africa,Africa,Asia,37.0,61,30,17,14,72,50,5,5,1.6666666666666667,1.6666666666666667,0.0,0,0,0,0.0,0.0,0.0,17,0.36065573770491804
2002,Argentina,South America,Asia,3.0,38,23,10,5,70,34,2,2,0.6666666666666666,0.6666666666666666,0.0,0,0,0,0.0,0.0,0.0,18,0.9473684210526315
2002,Costa Rica,North America,Asia,29.0,56,27,13,16,103,61,5,6,1.6666666666666667,2.0,-0.3333333333333333,0,0,0,0.0,0.0,0.0,19,0.75
2002,Cameroon,Africa,Asia,17.0,41,23,13,5,65,25,2,3,0.6666666666666666,1.0,-0.3333333333333333,0,0,0,0.0,0.0,0.0,20,0.975609756097561
2002,Portugal,Europe,Asia,5.0,42,28,9,5,109,33,6,4,2.0,1.3333333333333333,0.6666666666666666,0,0,0,0.0,0.0,0.0,21,1.8095238095238095
2002,Russia,Europe,Asia,28.0,38,18,10,10,59,40,4,4,1.3333333333333333,1.3333333333333333,0.0,0,0,0,0.0,0.0,0.0,22,0.5
2002,Croatia,Europe,Asia,21.0,38,14,17,7,50,37,2,3,0.6666666666666666,1.0,-0.3333333333333333,0,0,0,0.0,0.0,0.0,23,0.34210526315789475
2002,Ecuador,South America,Asia,36.0,51,20,13,18,59,56,2,4,0.6666666666666666,1.3333333333333333,-0.6666666666666666,0,0,0,0.0,0.0,0.0,24,0.058823529411764705
2002,Poland,Europe,Asia,38.0,42,20,12,10,61,40,3,7,1.0,2.333333333333333,-1.3333333333333333,0,0,0,0.0,0.0,0.0,25,0.5
2002,Uruguay,South America,Asia,24.0,45,18,12,15,56,50,4,5,1.3333333333333333,1.6666666666666667,-0.3333333333333333,0,0,0,0.0,0.0,0.0,26,0.13333333333333333
2002,Nigeria,Africa,Asia,27.0,45,26,12,7,71,36,1,3,0.3333333333333333,1.0,-0.6666666666666666,0,0,0,0.0,0.0,0.0,27,0.7777777777777778
2002,France,Europe,Asia,1.0,50,33,10,7,101,40,0,3,0.0,1.0,-1.0,0,0,0,0.0,0.0,0.0,28,1.22
2002,Tunisia,Africa,Asia,31.0,50,23,16,11,85,44,1,5,0.3333333333333333,1.6666666666666667,-1.3333333333333333,0,0,0,0.0,0.0,0.0,29,0.82
2002,Slovenia,Europe,Asia,25.0,44,18,16,10,64,53,2,7,0.6666666666666666,2.333333333333333,-1.6666666666666667,0,0,0,0.0,0.0,0.0,30,0.25
2002,China,Asia,Asia,50.0,0,0,0,0,0,0,0,9,0.0,3.0,-3.0,0,0,0,0.0,0.0,0.0,31,
2002,Saudi Arabia,Asia,Asia,34.0,78,48,13,17,156,73,0,12,0.0,4.0,-4.0,0,0,0,0.0,0.0,0.0,32,1.064102564102564
2003,Germany,Europe,North America,,48,26,11,11,102,53,13,2,4.333333333333333,0.6666666666666666,3.6666666666666665,12,2,3,4.0,0.6666666666666666,3.333333333333333,1,1.0208333333333333
2003,Sweden,Europe,North America,,55,22,22,11,81,46,5,3,1.6666666666666667,1.0,0.6666666666666666,5,4,3,1.6666666666666667,1.3333333333333333,0.3333333333333333,2,0.6363636363636364
2003,United States,North America,North America,,61,31,13,17,96,49,11,1,3.6666666666666665,0.3333333333333333,3.333333333333333,4,4,3,1.3333333333333333,1.3333333333333333,0.0,3,0.7704918032786885
2003,Canada,North America,North America,,37,16,10,11,35,40,7,5,2.333333333333333,1.6666666666666667,0.6666666666666666,3,5,3,1.0,1.6666666666666667,-0.6666666666666666,4,-0.13513513513513514
2003,Brazil,South America,North America,,58,32,12,14,121,53,8,2,2.6666666666666665,0.6666666666666666,2.0,1,2,1,1.0,2.0,-1.0,5,1.1724137931034482
2003,China,Asia,North America,,0,0,0,0,0,0,3,1,1.0,0.3333333333333333,0.6666666666666666,0,1,1,0.0,1.0,-1.0,6,
2003,Norway,Europe,North America,,46,20,14,12,57,38,10,5,3.333333333333333,1.6666666666666667,1.6666666666666667,0,1,1,0.0,1.0,-1.0,7,0.41304347826086957
2003,Russia,Europe,North America,,36,18,10,8,55,34,5,2,1.6666666666666667,0.6666666666666666,1.0,1,7,1,1.0,7.0,-6.0,8,0.5833333333333334
2003,France,Europe,North America,,51,34,9,8,113,39,2,3,0.6666666666666666,1.0,-0.3333333333333333,0,0,0,0.0,0.0,0.0,9,1.4509803921568627
2003,Japan,Asia,North America,,49,23,15,11,83,44,7,6,2.333333333333333,2.0,0.3333333333333333,0,0,0,0.0,0.0,0.0,10,0.7959183673469388
2003,North Korea,Asia,North America,,25,5,12,8,29,34,3,4,1.0,1.3333333333333333,-0.3333333333333333,0,0,0,0.0,0.0,0.0,11,-0.2
2003,Ghana,Africa,North America,,48,17,13,18,63,59,2,5,0.6666666666666666,1.6666666666666667,-1.0,0,0,0,0.0,0.0,0.0,12,0.08333333333333333
2003,Australia,Asia,North America,,37,23,5,9,145,27,3,5,1.0,1.6666666666666667,-0.6666666666666666,0,0,0,0.0,0.0,0.0,13,3.189189189189189
2003,South Korea,Asia,North America,,65,27,23,15,90,60,1,11,0.3333333333333333,3.6666666666666665,-3.333333333333333,0,0,0,0.0,0.0,0.0,14,0.46153846153846156
2003,Nigeria,Africa,North America,,56,30,17,9,83,41,0,11,0.0,3.6666666666666665,-3.6666666666666665,0,0,0,0.0,0.0,0.0,15,0.75
2003,Argentina,South America,North America,,37,25,8,4,70,29,1,15,0.3333333333333333,5.0,-4.666666666666667,0,0,0,0.0,0.0,0.0,16,1.1081081081081081
2006,Italy,Europe,Europe,13.0,44,25,14,5,71,33,5,1,1.6666666666666667,0.3333333333333333,1.3333333333333333,7,1,4,1.75,0.25,1.5,1,0.8636363636363636
2006,France,Europe,Europe,8.0,48,32,13,3,97,22,3,1,1.0,0.3333333333333333,0.6666666666666666,6,2,4,1.5,0.5,1.0,2,1.5625
2006,Germany,Europe,Europe,19.0,51,25,14,12,104,66,8,2,2.6666666666666665,0.6666666666666666,2.0,6,4,4,1.5,1.0,0.5,3,0.7450980392156863
2006,Portugal,Europe,Europe,7.0,46,28,12,6,101,35,5,1,1.6666666666666667,0.3333333333333333,1.3333333333333333,2,4,4,0.5,1.0,-0.5,4,1.434782608695652
2006,Brazil,South America,Europe,1.0,55,29,17,9,113,47,7,1,2.333333333333333,0.3333333333333333,2.0,3,1,2,1.5,0.5,1.0,5,1.2
2006,Argentina,South America,Europe,9.0,51,31,10,10,97,55,8,1,2.6666666666666665,0.3333333333333333,2.333333333333333,3,2,2,1.5,1.0,0.5,6,0.8235294117647058
2006,England,Europe,Europe,10.0,41,26,8,7,77,42,5,2,1.6666666666666667,0.6666666666666666,1.0,1,0,2,0.5,0.0,0.5,7,0.8536585365853658
2006,Ukraine,Europe,Europe,45.0,37,13,15,9,40,30,5,4,1.6666666666666667,1.3333333333333333,0.3333333333333333,0,3,2,0.0,1.5,-1.5,8,0.2702702702702703
2006,Spain,Europe,Europe,5.0,43,27,14,2,84,22,8,1,2.6666666666666665,0.3333333333333333,2.333333333333333,1,3,1,1.0,3.0,-2.0,9,1.441860465116279
2006,Switzerland,Europe,Europe,35.0,38,16,13,9,60,45,4,0,1.3333333333333333,0.0,1.3333333333333333,0,0,1,0.0,0.0,0.0,10,0.39473684210526316
2006,Netherlands,Europe,Europe,3.0,45,27,11,7,85,28,3,1,1.0,0.3333333333333333,0.6666666666666666,0,1,1,0.0,1.0,-1.0,11,1.2666666666666666
2006,Ecuador,South America,Europe,39.0,51,17,12,22,59,73,5,3,1.6666666666666667,1.0,0.6666666666666666,0,1,1,0.0,1.0,-1.0,12,-0.27450980392156865
2006,Ghana,Africa,Europe,48.0,39,14,12,13,55,38,4,3,1.3333333333333333,1.0,0.3333333333333333,0,3,1,0.0,3.0,-3.0,13,0.4358974358974359
2006,Sweden,Europe,Europe,16.0,51,22,17,12,102,51,3,2,1.0,0.6666666666666666,0.3333333333333333,0,2,1,0.0,2.0,-2.0,14,1.0
2006,Mexico,North America,Europe,4.0,66,37,15,14,125,52,4,3,1.3333333333333333,1.0,0.3333333333333333,1,2,1,1.0,2.0,-1.0,15,1.106060606060606
2006,Australia,Asia,Europe,42.0,29,18,4,7,74,30,5,5,1.6666666666666667,1.6666666666666667,0.0,0,1,1,0.0,1.0,-1.0,16,1.5172413793103448
2006,South Korea,Asia,Europe,29.0,62,30,16,16,102,42,3,4,1.0,1.3333333333333333,-0.3333333333333333,0,0,0,0.0,0.0,0.0,17,0.967741935483871
2006,Paraguay,South America,Europe,33.0,47,18,17,12,53,49,2,2,0.6666666666666666,0.6666666666666666,0.0,0,0,0,0.0,0.0,0.0,18,0.0851063829787234
2006,Ivory Coast,Africa,Europe,32.0,36,20,8,8,64,34,5,6,1.6666666666666667,2.0,-0.3333333333333333,0,0,0,0.0,0.0,0.0,19,0.8333333333333334
2006,Czech Republic,Europe,Europe,2.0,44,32,5,7,110,37,3,4,1.0,1.3333333333333333,-0.3333333333333333,0,0,0,0.0,0.0,0.0,20,1.6590909090909092
2006,Poland,Europe,Europe,29.0,52,31,7,14,101,54,2,4,0.6666666666666666,1.3333333333333333,-0.6666666666666666,0,0,0,0.0,0.0,0.0,21,0.9038461538461539
2006,Croatia,Europe,Europe,23.0,44,22,14,8,71,42,2,3,0.6666666666666666,1.0,-0.3333333333333333,0,0,0,0.0,0.0,0.0,22,0.6590909090909091
2006,Angola,Africa,Europe,57.0,45,19,14,12,59,46,1,2,0.3333333333333333,0.6666666666666666,-0.3333333333333333,0,0,0,0.0,0.0,0.0,23,0.28888888888888886
2006,Tunisia,Africa,Europe,21.0,48,26,13,9,76,44,3,6,1.0,2.0,-1.0,0,0,0,0.0,0.0,0.0,24,0.6666666666666666
2006,Iran,Asia,Europe,23.0,50,32,10,8,113,44,2,6,0.6666666666666666,2.0,-1.3333333333333333,0,0,0,0.0,0.0,0.0,25,1.38
2006,United States,North America,Europe,5.0,61,38,13,10,108,38,2,6,0.6666666666666666,2.0,-1.3333333333333333,0,0,0,0.0,0.0,0.0,26,1.1475409836065573
2006,Trinidad and Tobago,North America,Europe,47.0,70,32,10,28,98,90,0,4,0.0,1.3333333333333333,-1.3333333333333333,0,0,0,0.0,0.0,0.0,27,0.11428571428571428
2006,Japan,Asia,Europe,18.0,67,35,15,17,110,63,2,7,0.6666666666666666,2.333333333333333,-1.6666666666666667,0,0,0,0.0,0.0,0.0,28,0.7014925373134329
2006,Saudi Arabia,Asia,Europe,34.0,65,31,18,16,109,59,2,7,0.6666666666666666,2.333333333333333,-1.6666666666666667,0,0,0,0.0,0.0,0.0,29,0.7692307692307693
2006,Togo,Africa,Europe,61.0,33,16,5,12,43,37,1,6,0.3333333333333333,2.0,-1.6666666666666667,0,0,0,0.0,0.0,0.0,30,0.18181818181818182
2006,Costa Rica,North America,Europe,26.0,62,26,11,25,89,84,3,9,1.0,3.0,-2.0,0,0,0,0.0,0.0,0.0,31,0.08064516129032258
2006,Serbia and Montenegro,Europe,Europe,44.0,0,0,0,0,0,0,2,10,0.6666666666666666,3.333333333333333,-2.6666666666666665,0,0,0,0.0,0.0,0.0,32,
2007,Germany,Europe,Asia,,57,33,12,12,132,64,13,0,4.333333333333333,0.0,4.333333333333333,8,0,3,2.6666666666666665,0.0,2.6666666666666665,1,1.1929824561403508
2007,Brazil,South America,Asia,,55,34,15,6,126,42,10,0,3.333333333333333,0.0,3.333333333333333,7,4,3,2.333333333333333,1.3333333333333333,1.0,2,1.5272727272727273
2007,United States,North America,Asia,,50,29,13,8,85,35,5,2,1.6666666666666667,0.6666666666666666,1.0,7,5,3,2.333333333333333,1.6666666666666667,0.6666666666666666,3,1.0
2007,Norway,Europe,Asia,,48,19,14,15,64,53,10,4,3.333333333333333,1.3333333333333333,2.0,2,7,3,0.6666666666666666,2.333333333333333,-1.6666666666666667,4,0.22916666666666666
2007,China,Asia,Asia,,0,0,0,0,0,0,5,6,1.6666666666666667,2.0,-0.3333333333333333,0,1,1,0.0,1.0,-1.0,5,
2007,Australia,Asia,Asia,,41,22,8,11,89,44,7,4,2.333333333333333,1.3333333333333333,1.0,2,3,1,2.0,3.0,-1.0,6,1.0975609756097562
2007,England,Europe,Asia,,47,28,11,8,87,38,8,3,2.6666666666666665,1.0,1.6666666666666667,0,3,1,0.0,3.0,-3.0,7,1.0425531914893618
2007,Canada,North America,Asia,,27,10,3,14,30,35,7,4,2.333333333333333,1.3333333333333333,1.0,0,0,0,0.0,0.0,0.0,8,-0.18518518518518517
2007,Japan,Asia,Asia,,69,40,13,16,117,60,3,4,1.0,1.3333333333333333,-0.3333333333333333,0,0,0,0.0,0.0,0.0,9,0.8260869565217391
2007,Sweden,Europe,Asia,,53,21,16,16,86,55,3,4,1.0,1.3333333333333333,-0.3333333333333333,0,0,0,0.0,0.0,0.0,10,0.5849056603773585
2007,North Korea,Asia,Asia,,29,9,7,13,52,35,5,4,1.6666666666666667,1.3333333333333333,0.3333333333333333,0,3,1,0.0,3.0,-3.0,11,0.5862068965517241
2007,Denmark,Europe,Asia,,39,19,13,7,70,40,4,4,1.3333333333333333,1.3333333333333333,0.0,0,0,0,0.0,0.0,0.0,12,0.7692307692307693
2007,Nigeria,Africa,Asia,,34,21,6,7,54,29,1,4,0.3333333333333333,1.3333333333333333,-1.0,0,0,0,0.0,0.0,0.0,13,0.7352941176470589
2007,New Zealand,Oceania,Asia,,18,6,2,10,27,34,0,9,0.0,3.0,-3.0,0,0,0,0.0,0.0,0.0,14,-0.3888888888888889
2007,Ghana,Africa,Asia,,37,18,10,9,56,29,3,15,1.0,5.0,-4.0,0,0,0,0.0,0.0,0.0,15,0.7297297297297297
2007,Argentina,South America,Asia,,51,28,12,11,93,57,1,18,0.3333333333333333,6.0,-5.666666666666667,0,0,0,0.0,0.0,0.0,16,0.7058823529411765
2010,Spain,Europe,Africa,2.0,52,44,4,4,114,31,4,2,1.3333333333333333,0.6666666666666666,0.6666666666666666,4,0,4,1.0,0.0,1.0,1,1.5961538461538463
2010,Netherlands,Europe,Africa,4.0,46,31,10,5,85,29,5,1,1.6666666666666667,0.3333333333333333,1.3333333333333333,7,5,4,1.75,1.25,0.5,2,1.2173913043478262
2010,Germany,Europe,Africa,6.0,48,33,8,7,116,35,5,1,1.6666666666666667,0.3333333333333333,1.3333333333333333,11,4,4,2.75,1.0,1.75,3,1.6875
2010,Uruguay,South America,Africa,16.0,43,19,13,11,71,47,4,0,1.3333333333333333,0.0,1.3333333333333333,7,8,4,1.75,2.0,-0.25,4,0.5581395348837209
2010,Argentina,South America,Africa,7.0,49,29,8,12,84,50,7,1,2.333333333333333,0.3333333333333333,2.0,3,5,2,1.5,2.5,-1.0,5,0.6938775510204082
2010,Brazil,South America,Africa,1.0,52,36,11,5,106,36,5,2,1.6666666666666667,0.6666666666666666,1.0,4,2,2,2.0,1.0,1.0,6,1.3461538461538463
2010,Ghana,Africa,Africa,32.0,48,25,9,14,71,48,2,2,0.6666666666666666,0.6666666666666666,0.0,3,2,2,1.5,1.0,0.5,7,0.4791666666666667
2010,Paraguay,South America,Africa,31.0,48,16,14,18,50,54,3,1,1.0,0.3333333333333333,0.6666666666666666,0,1,2,0.0,0.5,-0.5,8,-0.08333333333333333
2010,Japan,Asia,Africa,45.0,65,36,17,12,117,51,4,2,1.3333333333333333,0.6666666666666666,0.6666666666666666,0,0,1,0.0,0.0,0.0,9,1.0153846153846153
2010,Chile,South America,Africa,18.0,59,31,11,17,79,65,3,2,1.0,0.6666666666666666,0.3333333333333333,0,3,1,0.0,3.0,-3.0,10,0.23728813559322035
2010,Portugal,Europe,Africa,3.0,44,23,13,8,74,37,7,0,2.333333333333333,0.0,2.333333333333333,0,1,1,0.0,1.0,-1.0,11,0.8409090909090909
2010,United States,North America,Africa,14.0,60,35,6,19,109,73,4,3,1.3333333333333333,1.0,0.3333333333333333,1,2,1,1.0,2.0,-1.0,12,0.6
2010,England,Europe,Africa,8.0,42,27,6,9,93,32,2,1,0.6666666666666666,0.3333333333333333,0.3333333333333333,1,4,1,1.0,4.0,-3.0,13,1.4523809523809523
2010,Mexico,North America,Africa,17.0,70,41,10,19,131,66,3,2,1.0,0.6666666666666666,0.3333333333333333,1,3,1,1.0,3.0,-2.0,14,0.9285714285714286
2010,South Korea,Asia,Africa,47.0,54,26,18,10,81,42,5,6,1.6666666666666667,2.0,-0.3333333333333333,1,2,1,1.0,2.0,-1.0,15,0.7222222222222222
2010,Slovakia,Europe,Africa,34.0,42,17,6,19,79,64,4,5,1.3333333333333333,1.6666666666666667,-0.3333333333333333,1,2,1,1.0,2.0,-1.0,16,0.35714285714285715
2010,Ivory Coast,Africa,Africa,27.0,47,25,13,9,94,41,4,3,1.3333333333333333,1.0,0.3333333333333333,0,0,0,0.0,0.0,0.0,17,1.127659574468085
2010,Slovenia,Europe,Africa,25.0,35,13,6,16,44,39,3,3,1.0,1.0,0.0,0,0,0,0.0,0.0,0.0,18,0.14285714285714285
2010,Switzerland,Europe,Africa,24.0,38,18,6,14,57,43,1,1,0.3333333333333333,0.3333333333333333,0.0,0,0,0,0.0,0.0,0.0,19,0.3684210526315789
2010,South Africa,Africa,Africa,83.0,69,30,17,22,79,54,3,5,1.0,1.6666666666666667,-0.6666666666666666,0,0,0,0.0,0.0,0.0,20,0.36231884057971014
2010,Australia,Asia,Africa,20.0,43,22,12,9,57,30,3,6,1.0,2.0,-1.0,0,0,0,0.0,0.0,0.0,21,0.627906976744186
2010,New Zealand,Oceania,Africa,78.0,22,8,4,10,27,37,2,2,0.6666666666666666,0.6666666666666666,0.0,0,0,0,0.0,0.0,0.0,22,-0.45454545454545453
2010,Serbia,Europe,Africa,15.0,43,22,10,11,73,38,2,3,0.6666666666666666,1.0,-0.3333333333333333,0,0,0,0.0,0.0,0.0,23,0.813953488372093
2010,Denmark,Europe,Africa,36.0,40,19,11,10,61,38,3,6,1.0,2.0,-1.0,0,0,0,0.0,0.0,0.0,24,0.575
2010,Greece,Europe,Africa,13.0,42,21,8,13,63,47,2,5,0.6666666666666666,1.6666666666666667,-1.0,0,0,0,0.0,0.0,0.0,25,0.38095238095238093
2010,Italy,Europe,Africa,5.0,45,24,13,8,67,42,4,5,1.3333333333333333,1.6666666666666667,-0.3333333333333333,0,0,0,0.0,0.0,0.0,26,0.5555555555555556
2010,Nigeria,Africa,Africa,21.0,43,23,12,8,55,28,3,5,1.0,1.6666666666666667,-0.6666666666666666,0,0,0,0.0,0.0,0.0,27,0.627906976744186
2010,Algeria,Africa,Africa,30.0,38,17,7,14,42,46,0,2,0.0,0.6666666666666666,-0.6666666666666666,0,0,0,0.0,0.0,0.0,28,-0.10526315789473684
2010,France,Europe,Africa,9.0,47,26,11,10,67,36,1,4,0.3333333333333333,1.3333333333333333,-1.0,0,0,0,0.0,0.0,0.0,29,0.6595744680851063
2010,Honduras,North America,Africa,38.0,62,37,7,18,110,60,0,3,0.0,1.0,-1.0,0,0,0,0.0,0.0,0.0,30,0.8064516129032258
2010,Cameroon,Africa,Africa,19.0,41,22,10,9,72,38,2,5,0.6666666666666666,1.6666666666666667,-1.0,0,0,0,0.0,0.0,0.0,31,0.8292682926829268
2010,North Korea,Asia,Africa,105.0,54,21,19,14,88,41,1,12,0.3333333333333333,4.0,-3.6666666666666665,0,0,0,0.0,0.0,0.0,32,0.8703703703703703
2011,Japan,Asia,Europe,,64,36,17,11,113,52,6,3,2.0,1.0,1.0,6,3,3,2.0,1.0,1.0,1,0.953125
2011,United States,North America,Europe,,59,29,11,19,98,73,6,2,2.0,0.6666666666666666,1.3333333333333333,7,5,3,2.333333333333333,1.6666666666666667,0.6666666666666666,2,0.423728813559322
2011,Sweden,Europe,Europe,,48,25,9,14,63,41,4,1,1.3333333333333333,0.3333333333333333,1.0,6,5,3,2.0,1.6666666666666667,0.3333333333333333,3,0.4583333333333333
2011,France,Europe,Europe,,49,23,13,13,61,41,7,4,2.333333333333333,1.3333333333333333,1.0,3,6,3,1.0,2.0,-1.0,4,0.40816326530612246
2011,Brazil,South America,Europe,,49,35,8,6,101,32,7,0,2.333333333333333,0.0,2.333333333333333,2,2,1,2.0,2.0,0.0,5,1.4081632653061225
2011,Germany,Europe,Europe,,55,36,10,9,121,42,7,3,2.333333333333333,1.0,1.3333333333333333,0,1,1,0.0,1.0,-1.0,6,1.4363636363636363
2011,England,Europe,Europe,,43,28,6,9,93,38,5,2,1.6666666666666667,0.6666666666666666,1.0,1,1,1,1.0,1.0,0.0,7,1.2790697674418605
2011,Australia,Asia,Europe,,48,26,12,10,60,34,5,4,1.6666666666666667,1.3333333333333333,0.3333333333333333,1,3,1,1.0,3.0,-2.0,8,0.5416666666666666
2011,Nigeria,Africa,Europe,,46,23,13,10,63,31,1,2,0.3333333333333333,0.6666666666666666,-0.3333333333333333,0,0,0,0.0,0.0,0.0,9,0.6956521739130435
2011,Norway,Europe,Europe,,35,17,8,10,46,37,2,5,0.6666666666666666,1.6666666666666667,-1.0,0,0,0,0.0,0.0,0.0,10,0.2571428571428571
2011,Mexico,North America,Europe,,65,34,14,17,116,63,3,7,1.0,2.333333333333333,-1.3333333333333333,0,0,0,0.0,0.0,0.0,11,0.8153846153846154
2011,New Zealand,Oceania,Europe,,26,8,8,10,30,35,4,6,1.3333333333333333,2.0,-0.6666666666666666,0,0,0,0.0,0.0,0.0,12,-0.19230769230769232
2011,North Korea,Asia,Europe,,68,26,22,20,92,60,0,3,0.0,1.0,-1.0,0,0,0,0.0,0.0,0.0,13,0.47058823529411764
2011,Colombia,South America,Europe,,44,16,11,17,44,44,0,4,0.0,1.3333333333333333,-1.3333333333333333,0,0,0,0.0,0.0,0.0,14,0.0
2011,Equatorial Guinea,Africa,Europe,,13,3,1,9,8,23,2,7,0.6666666666666666,2.333333333333333,-1.6666666666666667,0,0,0,0.0,0.0,0.0,15,-1.1538461538461537
2011,Canada,North America,Europe,,31,9,8,14,34,45,1,7,0.3333333333333333,2.333333333333333,-2.0,0,0,0,0.0,0.0,0.0,16,-0.3548387096774194
2014,Germany,Europe,South America,2.0,47,31,10,6,119,57,7,2,2.333333333333333,0.6666666666666666,1.6666666666666667,11,2,4,2.75,0.5,2.25,1,1.3191489361702127
2014,Argentina,South America,South America,5.0,49,27,15,7,93,46,6,3,2.0,1.0,1.0,2,1,4,0.5,0.25,0.25,2,0.9591836734693877
2014,Netherlands,Europe,South America,15.0,45,26,11,8,104,39,10,3,3.333333333333333,1.0,2.333333333333333,5,1,4,1.25,0.25,1.0,3,1.4444444444444444
2014,Brazil,South America,South America,3.0,53,35,10,8,120,38,7,2,2.333333333333333,0.6666666666666666,1.6666666666666667,4,12,4,1.0,3.0,-2.0,4,1.5471698113207548
2014,Colombia,South America,South America,8.0,40,21,11,8,55,25,9,2,3.0,0.6666666666666666,2.333333333333333,3,2,2,1.5,1.0,0.5,5,0.75
2014,Belgium,Europe,South America,11.0,39,19,12,8,68,41,4,1,1.3333333333333333,0.3333333333333333,1.0,2,2,2,1.0,1.0,0.0,6,0.6923076923076923
2014,France,Europe,South America,17.0,47,26,11,10,73,33,8,2,2.6666666666666665,0.6666666666666666,2.0,2,1,2,1.0,0.5,0.5,7,0.851063829787234
2014,Costa Rica,North America,South America,28.0,65,24,19,22,77,65,4,1,1.3333333333333333,0.3333333333333333,1.0,1,1,2,0.5,0.5,0.0,8,0.18461538461538463
2014,Chile,South America,South America,14.0,48,24,9,15,84,58,5,3,1.6666666666666667,1.0,0.6666666666666666,1,1,1,1.0,1.0,0.0,9,0.5416666666666666
2014,Mexico,North America,South America,20.0,62,34,13,15,109,56,4,1,1.3333333333333333,0.3333333333333333,1.0,1,2,1,1.0,2.0,-1.0,10,0.8548387096774194
2014,Switzerland,Europe,South America,6.0,35,18,11,6,52,33,7,6,2.333333333333333,2.0,0.3333333333333333,0,1,1,0.0,1.0,-1.0,11,0.5428571428571428
2014,Uruguay,South America,South America,7.0,49,24,14,11,91,56,4,4,1.3333333333333333,1.3333333333333333,0.0,0,2,1,0.0,2.0,-2.0,12,0.7142857142857143
2014,Greece,Europe,South America,12.0,43,24,14,5,51,30,2,4,0.6666666666666666,1.3333333333333333,-0.6666666666666666,1,1,1,1.0,1.0,0.0,13,0.4883720930232558
2014,Algeria,Africa,South America,22.0,32,18,6,8,47,28,6,5,2.0,1.6666666666666667,0.3333333333333333,1,2,1,1.0,2.0,-1.0,14,0.59375
2014,United States,North America,South America,13.0,59,32,11,16,89,62,4,4,1.3333333333333333,1.3333333333333333,0.0,1,2,1,1.0,2.0,-1.0,15,0.4576271186440678
2014,Nigeria,Africa,South America,44.0,50,24,18,8,86,44,3,3,1.0,1.0,0.0,0,2,1,0.0,2.0,-2.0,16,0.84
2014,Ecuador,South America,South America,26.0,46,18,15,13,72,55,3,3,1.0,1.0,0.0,0,0,0,0.0,0.0,0.0,17,0.3695652173913043
2014,Portugal,Europe,South America,4.0,43,23,12,8,85,45,4,7,1.3333333333333333,2.333333333333333,-1.0,0,0,0,0.0,0.0,0.0,18,0.9302325581395349
2014,Croatia,Europe,South America,18.0,42,22,11,9,66,39,6,6,2.0,2.0,0.0,0,0,0,0.0,0.0,0.0,19,0.6428571428571429
2014,Bosnia and Herzegovina,Europe,South America,21.0,37,19,7,11,68,41,4,4,1.3333333333333333,1.3333333333333333,0.0,0,0,0,0.0,0.0,0.0,20,0.7297297297297297
2014,Ivory Coast,Africa,South America,23.0,42,27,10,5,86,39,4,5,1.3333333333333333,1.6666666666666667,-0.3333333333333333,0,0,0,0.0,0.0,0.0,21,1.119047619047619
2014,Italy,Europe,South America,9.0,52,22,19,11,78,54,2,3,0.6666666666666666,1.0,-0.3333333333333333,0,0,0,0.0,0.0,0.0,22,0.46153846153846156
2014,Spain,Europe,South America,1.0,53,39,8,6,123,39,4,7,1.3333333333333333,2.333333333333333,-1.0,0,0,0,0.0,0.0,0.0,23,1.5849056603773586
2014,Russia,Europe,South America,19.0,43,23,14,6,65,25,2,3,0.6666666666666666,1.0,-0.3333333333333333,0,0,0,0.0,0.0,0.0,24,0.9302325581395349
2014,Ghana,Africa,South America,37.0,50,26,11,13,82,41,4,6,1.3333333333333333,2.0,-0.6666666666666666,0,0,0,0.0,0.0,0.0,25,0.82
2014,England,Europe,South America,10.0,41,24,12,5,81,34,2,4,0.6666666666666666,1.3333333333333333,-0.6666666666666666,0,0,0,0.0,0.0,0.0,26,1.146341463414634
2014,South Korea,Asia,South America,57.0,50,24,11,15,76,58,3,6,1.0,2.0,-1.0,0,0,0,0.0,0.0,0.0,27,0.36
2014,Iran,Asia,South America,43.0,53,31,14,8,98,36,1,4,0.3333333333333333,1.3333333333333333,-1.0,0,0,0,0.0,0.0,0.0,28,1.169811320754717
2014,Japan,Asia,South America,46.0,52,30,11,11,95,53,2,6,0.6666666666666666,2.0,-1.3333333333333333,0,0,0,0.0,0.0,0.0,29,0.8076923076923077
2014,Australia,Asia,South America,62.0,49,25,11,13,93,56,3,9,1.0,3.0,-2.0,0,0,0,0.0,0.0,0.0,30,0.7551020408163265
2014,Honduras,North America,South America,33.0,59,21,17,21,72,73,1,8,0.3333333333333333,2.6666666666666665,-2.333333333333333,0,0,0,0.0,0.0,0.0,31,-0.01694915254237288
2014,Cameroon,Africa,South America,56.0,40,19,13,8,58,35,1,9,0.3333333333333333,3.0,-2.6666666666666665,0,0,0,0.0,0.0,0.0,32,0.575
2015,United States,North America,North America,,60,33,10,17,97,67,4,1,1.3333333333333333,0.3333333333333333,1.0,10,2,4,2.5,0.5,2.0,1,0.5
2015,Japan,Asia,North America,,57,33,9,15,112,67,4,1,1.3333333333333333,0.3333333333333333,1.0,7,7,4,1.75,1.75,0.0,2,0.7894736842105263
2015,England,Europe,North America,,45,26,13,6,88,35,4,3,1.3333333333333333,1.0,0.3333333333333333,6,4,4,1.5,1.0,0.5,3,1.1777777777777778
2015,Germany,Europe,North America,,52,34,11,7,131,65,15,1,5.0,0.3333333333333333,4.666666666666667,5,5,4,1.25,1.25,0.0,4,1.2692307692307692
2015,France,Europe,North America,,50,27,13,10,86,37,6,2,2.0,0.6666666666666666,1.3333333333333333,4,1,2,2.0,0.5,1.5,5,0.98
2015,Brazil,South America,North America,,57,41,8,8,137,48,4,0,1.3333333333333333,0.0,1.3333333333333333,0,1,1,0.0,1.0,-1.0,6,1.5614035087719298
2015,Canada,North America,North America,,33,9,11,13,33,34,2,1,0.6666666666666666,0.3333333333333333,0.3333333333333333,2,2,2,1.0,1.0,0.0,7,-0.030303030303030304
2015,Norway,Europe,North America,,41,15,8,18,45,55,8,2,2.6666666666666665,0.6666666666666666,2.0,1,2,1,1.0,2.0,-1.0,8,-0.24390243902439024
2015,Australia,Asia,North America,,51,23,10,18,95,69,4,4,1.3333333333333333,1.3333333333333333,0.0,1,1,2,0.5,0.5,0.0,9,0.5098039215686274
2015,China,Asia,North America,,0,0,0,0,0,0,3,3,1.0,1.0,0.0,1,1,2,0.5,0.5,0.0,10,
2015,Cameroon,Africa,North America,,51,23,17,11,71,51,9,3,3.0,1.0,2.0,0,1,1,0.0,1.0,-1.0,11,0.39215686274509803
2015,Colombia,South America,North America,,37,24,7,6,70,24,4,3,1.3333333333333333,1.0,0.3333333333333333,0,2,1,0.0,2.0,-2.0,12,1.2432432432432432
2015,Netherlands,Europe,North America,,50,27,11,12,109,46,2,2,0.6666666666666666,0.6666666666666666,0.0,1,2,1,1.0,2.0,-1.0,13,1.26
2015,South Korea,Asia,North America,,55,25,9,21,74,66,4,5,1.3333333333333333,1.6666666666666667,-0.3333333333333333,0,3,1,0.0,3.0,-3.0,14,0.14545454545454545
2015,Switzerland,Europe,North America,,38,22,8,8,65,37,11,4,3.6666666666666665,1.3333333333333333,2.333333333333333,0,1,1,0.0,1.0,-1.0,15,0.7368421052631579
2015,Sweden,Europe,North America,,50,27,7,16,83,58,4,4,1.3333333333333333,1.3333333333333333,0.0,1,4,1,1.0,4.0,-3.0,16,0.5
2015,Thailand,Asia,North America,,47,22,7,18,76,58,3,10,1.0,3.333333333333333,-2.333333333333333,0,0,0,0.0,0.0,0.0,17,0.3829787234042553
2015,Costa Rica,North America,North America,,58,25,16,17,77,56,3,4,1.0,1.3333333333333333,-0.3333333333333333,0,0,0,0.0,0.0,0.0,18,0.3620689655172414
2015,New Zealand,Oceania,North America,,26,11,6,9,39,37,2,3,0.6666666666666666,1.0,-0.3333333333333333,0,0,0,0.0,0.0,0.0,19,0.07692307692307693
2015,Spain,Europe,North America,,54,37,7,10,118,39,2,4,0.6666666666666666,1.3333333333333333,-0.6666666666666666,0,0,0,0.0,0.0,0.0,20,1.462962962962963
2015,Nigeria,Africa,North America,,58,23,22,13,84,54,3,6,1.0,2.0,-1.0,0,0,0,0.0,0.0,0.0,21,0.5172413793103449
2015,Mexico,North America,North America,,55,29,11,15,85,49,2,8,0.6666666666666666,2.6666666666666665,-2.0,0,0,0,0.0,0.0,0.0,22,0.6545454545454545
2015,Ivory Coast,Africa,North America,,57,31,16,10,104,60,3,16,1.0,5.333333333333333,-4.333333333333333,0,0,0,0.0,0.0,0.0,23,0.7719298245614035
2015,Ecuador,South America,North America,,36,17,9,10,61,42,1,17,0.3333333333333333,5.666666666666667,-5.333333333333333,0,0,0,0.0,0.0,0.0,24,0.5277777777777778
2018,France,Europe,Europe,7.0,47,32,7,8,92,43,3,1,1.0,0.3333333333333333,0.6666666666666666,11,5,4,2.75,1.25,1.5,1,1.0425531914893618
2018,Croatia,Europe,Europe,20.0,41,24,10,7,76,26,7,1,2.333333333333333,0.3333333333333333,2.0,7,8,4,1.75,2.0,-0.25,2,1.2195121951219512
2018,Belgium,Europe,Europe,3.0,40,28,7,5,109,37,9,2,3.0,0.6666666666666666,2.333333333333333,7,4,4,1.75,1.0,0.75,3,1.8
2018,England,Europe,Europe,13.0,42,27,10,5,75,27,8,3,2.6666666666666665,1.0,1.6666666666666667,4,5,4,1.0,1.25,-0.25,4,1.1428571428571428
2018,Uruguay,South America,Europe,14.0,40,20,8,12,64,42,5,0,1.6666666666666667,0.0,1.6666666666666667,2,3,2,1.0,1.5,-0.5,5,0.55
2018,Brazil,South America,Europe,2.0,43,31,8,4,90,22,5,1,1.6666666666666667,0.3333333333333333,1.3333333333333333,3,2,2,1.5,1.0,0.5,6,1.5813953488372092
2018,Sweden,Europe,Europe,24.0,46,20,13,13,71,40,5,2,1.6666666666666667,0.6666666666666666,1.0,1,2,2,0.5,1.0,-0.5,7,0.6739130434782609
2018,Russia,Europe,Europe,70.0,41,15,10,16,64,53,8,4,2.6666666666666665,1.3333333333333333,1.3333333333333333,3,3,2,1.5,1.5,0.0,8,0.2682926829268293
2018,Colombia,South America,Europe,16.0,42,19,12,11,57,37,5,2,1.6666666666666667,0.6666666666666666,1.0,1,1,1,1.0,1.0,0.0,9,0.47619047619047616
2018,Spain,Europe,Europe,10.0,42,28,7,7,101,28,6,5,2.0,1.6666666666666667,0.3333333333333333,1,1,1,1.0,1.0,0.0,10,1.7380952380952381
2018,Denmark,Europe,Europe,12.0,38,16,11,11,59,36,2,1,0.6666666666666666,0.3333333333333333,0.3333333333333333,1,1,1,1.0,1.0,0.0,11,0.6052631578947368
2018,Mexico,North America,Europe,15.0,65,36,18,11,106,65,3,4,1.0,1.3333333333333333,-0.3333333333333333,0,2,1,0.0,2.0,-2.0,12,0.6307692307692307
2018,Portugal,Europe,Europe,4.0,50,32,8,10,97,36,5,4,1.6666666666666667,1.3333333333333333,0.3333333333333333,1,2,1,1.0,2.0,-1.0,13,1.22
2018,Switzerland,Europe,Europe,6.0,38,24,6,8,72,30,5,4,1.6666666666666667,1.3333333333333333,0.3333333333333333,0,1,1,0.0,1.0,-1.0,14,1.105263157894737
2018,Japan,Asia,Europe,61.0,49,27,11,11,103,46,4,4,1.3333333333333333,1.3333333333333333,0.0,2,3,1,2.0,3.0,-1.0,15,1.163265306122449
2018,Argentina,South America,Europe,5.0,47,27,12,8,95,40,3,5,1.0,1.6666666666666667,-0.6666666666666666,3,4,1,3.0,4.0,-1.0,16,1.1702127659574468
2018,Senegal,Africa,Europe,27.0,43,26,13,4,67,23,4,4,1.3333333333333333,1.3333333333333333,0.0,0,0,0,0.0,0.0,0.0,17,1.0232558139534884
2018,Iran,Asia,Europe,37.0,42,29,9,4,83,22,2,2,0.6666666666666666,0.6666666666666666,0.0,0,0,0,0.0,0.0,0.0,18,1.4523809523809523
2018,South Korea,Asia,Europe,57.0,55,33,10,12,91,46,3,3,1.0,1.0,0.0,0,0,0,0.0,0.0,0.0,19,0.8181818181818182
2018,Peru,South America,Europe,11.0,48,25,11,12,73,47,2,2,0.6666666666666666,0.6666666666666666,0.0,0,0,0,0.0,0.0,0.0,20,0.5416666666666666
2018,Nigeria,Africa,Europe,48.0,35,16,10,9,47,30,3,4,1.0,1.3333333333333333,-0.3333333333333333,0,0,0,0.0,0.0,0.0,21,0.4857142857142857
2018,Serbia,Europe,Europe,34.0,35,15,8,12,50,43,2,4,0.6666666666666666,1.3333333333333333,-0.6666666666666666,0,0,0,0.0,0.0,0.0,22,0.2
2018,Germany,Europe,Europe,1.0,48,29,10,9,108,43,2,4,0.6666666666666666,1.3333333333333333,-0.6666666666666666,0,0,0,0.0,0.0,0.0,23,1.3541666666666667
2018,Tunisia,Africa,Europe,21.0,43,21,13,9,64,41,5,8,1.6666666666666667,2.6666666666666665,-1.0,0,0,0,0.0,0.0,0.0,24,0.5348837209302325
2018,Poland,Europe,Europe,8.0,38,21,12,5,85,38,2,5,0.6666666666666666,1.6666666666666667,-1.0,0,0,0,0.0,0.0,0.0,25,1.236842105263158
2018,Saudi Arabia,Asia,Europe,67.0,49,25,8,16,96,61,2,7,0.6666666666666666,2.333333333333333,-1.6666666666666667,0,0,0,0.0,0.0,0.0,26,0.7142857142857143
2018,Morocco,Africa,Europe,41.0,40,24,8,8,65,17,2,4,0.6666666666666666,1.3333333333333333,-0.6666666666666666,0,0,0,0.0,0.0,0.0,27,1.2
2018,Australia,Asia,Europe,36.0,44,21,12,11,79,47,2,5,0.6666666666666666,1.6666666666666667,-1.0,0,0,0,0.0,0.0,0.0,28,0.7272727272727273
2018,Iceland,Europe,Europe,22.0,49,24,8,17,81,59,2,5,0.6666666666666666,1.6666666666666667,-1.0,0,0,0,0.0,0.0,0.0,29,0.4489795918367347
2018,Costa Rica,North America,Europe,23.0,46,20,13,13,66,53,2,5,0.6666666666666666,1.6666666666666667,-1.0,0,0,0,0.0,0.0,0.0,30,0.2826086956521739
2018,Egypt,Africa,Europe,45.0,41,23,6,12,50,24,2,6,0.6666666666666666,2.0,-1.3333333333333333,0,0,0,0.0,0.0,0.0,31,0.6341463414634146
2018,Panama,North America,Europe,55.0,51,17,17,17,58,61,2,11,0.6666666666666666,3.6666666666666665,-3.0,0,0,0,0.0,0.0,0.0,32,-0.058823529411764705
2019,United States,North America,Europe,,52,26,11,15,91,57,18,0,6.0,0.0,6.0,8,3,4,2.0,0.75,1.25,1,0.6538461538461539
2019,Netherlands,Europe,Europe,,39,20,7,12,73,46,6,2,2.0,0.6666666666666666,1.3333333333333333,5,3,4,1.25,0.75,0.5,2,0.6923076923076923
2019,Sweden,Europe,Europe,,51,20,15,16,73,50,7,3,2.333333333333333,1.0,1.3333333333333333,5,3,4,1.25,0.75,0.5,3,0.45098039215686275
2019,England,Europe,Europe,,49,30,10,9,88,37,5,1,1.6666666666666667,0.3333333333333333,1.3333333333333333,8,4,4,2.0,1.0,1.0,4,1.0408163265306123
2019,Germany,Europe,Europe,,51,29,11,11,103,49,6,0,2.0,0.0,2.0,4,2,2,2.0,1.0,1.0,5,1.0588235294117647
2019,France,Europe,Europe,,54,39,9,6,110,47,7,1,2.333333333333333,0.3333333333333333,2.0,3,3,2,1.5,1.5,0.0,6,1.1666666666666667
2019,Italy,Europe,Europe,,45,24,12,9,73,38,7,2,2.333333333333333,0.6666666666666666,1.6666666666666667,2,2,2,1.0,1.0,0.0,7,0.7777777777777778
2019,Australia,Asia,Europe,,44,21,12,11,84,45,8,5,2.6666666666666665,1.6666666666666667,1.0,1,1,1,1.0,1.0,0.0,8,0.8863636363636364
2019,Norway,Europe,Europe,,37,17,5,15,52,44,6,3,2.0,1.0,1.0,1,4,2,0.5,2.0,-1.5,9,0.21621621621621623
2019,Brazil,South America,Europe,,45,32,9,4,94,21,6,3,2.0,1.0,1.0,1,2,1,1.0,2.0,-1.0,10,1.6222222222222222
2019,Canada,North America,Europe,,26,14,5,7,50,28,4,2,1.3333333333333333,0.6666666666666666,0.6666666666666666,0,1,1,0.0,1.0,-1.0,11,0.8461538461538461
2019,Spain,Europe,Europe,,46,30,11,5,114,36,3,2,1.0,0.6666666666666666,0.3333333333333333,1,2,1,1.0,2.0,-1.0,12,1.6956521739130435
2019,Japan,Asia,Europe,,55,31,10,14,111,57,2,3,0.6666666666666666,1.0,-0.3333333333333333,1,2,1,1.0,2.0,-1.0,13,0.9818181818181818
2019,China,Asia,Europe,,0,0,0,0,0,0,1,1,0.3333333333333333,0.3333333333333333,0.0,0,2,1,0.0,2.0,-2.0,14,
2019,Cameroon,Africa,Europe,,41,15,16,10,44,41,3,5,1.0,1.6666666666666667,-0.6666666666666666,0,3,1,0.0,3.0,-3.0,15,0.07317073170731707
2019,Nigeria,Africa,Europe,,38,20,9,9,56,32,2,4,0.6666666666666666,1.3333333333333333,-0.6666666666666666,0,3,1,0.0,3.0,-3.0,16,0.631578947368421
2019,Chile,South America,Europe,,47,20,12,15,73,59,2,5,0.6666666666666666,1.6666666666666667,-1.0,0,0,0,0.0,0.0,0.0,17,0.2978723404255319
2019,Argentina,South America,Europe,,45,24,11,10,82,43,3,4,1.0,1.3333333333333333,-0.3333333333333333,0,0,0,0.0,0.0,0.0,18,0.8666666666666667
2019,Scotland,Europe,Europe,,32,13,5,14,44,42,5,7,1.6666666666666667,2.333333333333333,-0.6666666666666666,0,0,0,0.0,0.0,0.0,19,0.0625
2019,New Zealand,Oceania,Europe,,26,11,5,10,33,25,1,5,0.3333333333333333,1.6666666666666667,-1.3333333333333333,0,0,0,0.0,0.0,0.0,20,0.3076923076923077
2019,South Korea,Asia,Europe,,58,31,14,13,91,52,1,8,0.3333333333333333,2.6666666666666665,-2.333333333333333,0,0,0,0.0,0.0,0.0,21,0.6724137931034483
2019,South Africa,Africa,Europe,,38,17,14,7,61,32,1,8,0.3333333333333333,2.6666666666666665,-2.333333333333333,0,0,0,0.0,0.0,0.0,22,0.7631578947368421
2019,Jamaica,North America,Europe,,37,13,7,17,48,53,1,12,0.3333333333333333,4.0,-3.6666666666666665,0,0,0,0.0,0.0,0.0,23,-0.13513513513513514
2019,Thailand,Asia,Europe,,47,20,11,16,71,59,1,20,0.3333333333333333,6.666666666666667,-6.333333333333333,0,0,0,0.0,0.0,0.0,24,0.2553191489361702
2022,Argentina,South America,Asia,3.0,45,28,13,4,79,27,5,2,1.6666666666666667,0.6666666666666666,1.0,10,6,4,2.5,1.5,1.0,1,1.1555555555555554
2022,France,Europe,Asia,4.0,43,30,10,3,96,33,6,3,2.0,1.0,1.0,10,5,4,2.5,1.25,1.25,2,1.4651162790697674
2022,Croatia,Europe,Asia,12.0,42,19,10,13,73,58,4,1,1.3333333333333333,0.3333333333333333,1.0,4,6,4,1.0,1.5,-0.5,3,0.35714285714285715
2022,Morocco,Africa,Asia,22.0,44,28,11,5,80,26,4,1,1.3333333333333333,0.3333333333333333,1.0,2,4,4,0.5,1.0,-0.5,4,1.2272727272727273
2022,Netherlands,Europe,Asia,8.0,42,25,10,7,97,38,5,1,1.6666666666666667,0.3333333333333333,1.3333333333333333,5,3,2,2.5,1.5,1.0,5,1.4047619047619047
2022,England,Europe,Asia,5.0,45,33,7,5,118,24,9,2,3.0,0.6666666666666666,2.333333333333333,4,2,2,2.0,1.0,1.0,6,2.088888888888889
2022,Brazil,South America,Asia,1.0,46,33,10,3,97,17,3,1,1.0,0.3333333333333333,0.6666666666666666,5,2,2,2.5,1.0,1.5,7,1.7391304347826086
2022,Portugal,Europe,Asia,9.0,42,26,11,5,93,31,6,4,2.0,1.3333333333333333,0.6666666666666666,6,2,2,3.0,1.0,2.0,8,1.4761904761904763
2022,Japan,Asia,Asia,24.0,48,34,6,8,107,32,4,3,1.3333333333333333,1.0,0.3333333333333333,1,1,1,1.0,1.0,0.0,9,1.5625
2022,Senegal,Africa,Asia,18.0,45,30,10,5,70,25,5,4,1.6666666666666667,1.3333333333333333,0.3333333333333333,0,3,1,0.0,3.0,-3.0,10,1.0
2022,Australia,Asia,Asia,38.0,28,17,5,6,62,17,3,4,1.0,1.3333333333333333,-0.3333333333333333,1,2,1,1.0,2.0,-1.0,11,1.6071428571428572
2022,Switzerland,Europe,Asia,15.0,43,19,13,11,84,46,4,3,1.3333333333333333,1.0,0.3333333333333333,1,6,1,1.0,6.0,-5.0,12,0.8837209302325582
2022,Spain,Europe,Asia,7.0,44,27,12,5,104,32,9,3,3.0,1.0,2.0,0,0,1,0.0,0.0,0.0,13,1.6363636363636365
2022,United States,North America,Asia,16.0,56,35,8,13,110,44,2,1,0.6666666666666666,0.3333333333333333,0.3333333333333333,1,3,1,1.0,3.0,-2.0,14,1.1785714285714286
2022,Poland,Europe,Asia,26.0,41,19,11,11,76,41,2,2,0.6666666666666666,0.6666666666666666,0.0,1,3,1,1.0,3.0,-2.0,15,0.8536585365853658
2022,South Korea,Asia,Asia,28.0,43,28,10,5,76,25,4,4,1.3333333333333333,1.3333333333333333,0.0,1,4,1,1.0,4.0,-3.0,16,1.186046511627907
2022,Germany,Europe,Asia,11.0,42,24,11,7,108,48,6,5,2.0,1.6666666666666667,0.3333333333333333,0,0,0,0.0,0.0,0.0,17,1.4285714285714286
2022,Ecuador,South America,Asia,44.0,44,16,13,15,62,56,4,3,1.3333333333333333,1.0,0.3333333333333333,0,0,0,0.0,0.0,0.0,18,0.13636363636363635
2022,Cameroon,Africa,Asia,43.0,38,18,14,6,49,25,4,4,1.3333333333333333,1.3333333333333333,0.0,0,0,0,0.0,0.0,0.0,19,0.631578947368421
2022,Uruguay,South America,Asia,14.0,39,17,11,11,53,41,2,2,0.6666666666666666,0.6666666666666666,0.0,0,0,0,0.0,0.0,0.0,20,0.3076923076923077
2022,Tunisia,Africa,Asia,30.0,50,28,9,13,71,34,1,1,0.3333333333333333,0.3333333333333333,0.0,0,0,0,0.0,0.0,0.0,21,0.74
2022,Mexico,North America,Asia,13.0,59,36,11,12,103,54,2,3,0.6666666666666666,1.0,-0.3333333333333333,0,0,0,0.0,0.0,0.0,22,0.8305084745762712
2022,Belgium,Europe,Asia,2.0,43,32,6,5,117,35,1,2,0.3333333333333333,0.6666666666666666,-0.3333333333333333,0,0,0,0.0,0.0,0.0,23,1.9069767441860466
2022,Ghana,Africa,Asia,61.0,31,13,10,8,36,25,5,7,1.6666666666666667,2.333333333333333,-0.6666666666666666,0,0,0,0.0,0.0,0.0,24,0.3548387096774194
2022,Saudi Arabia,Asia,Asia,51.0,46,22,12,12,64,39,3,5,1.0,1.6666666666666667,-0.6666666666666666,0,0,0,0.0,0.0,0.0,25,0.5434782608695652
2022,Iran,Asia,Asia,20.0,35,26,5,4,82,17,4,7,1.3333333333333333,2.333333333333333,-1.0,0,0,0,0.0,0.0,0.0,26,1.8571428571428572
2022,Costa Rica,North America,Asia,31.0,48,16,13,19,46,53,3,11,1.0,3.6666666666666665,-2.6666666666666665,0,0,0,0.0,0.0,0.0,27,-0.14583333333333334
2022,Denmark,Europe,Asia,10.0,44,27,9,8,99,34,1,3,0.3333333333333333,1.0,-0.6666666666666666,0,0,0,0.0,0.0,0.0,28,1.4772727272727273
2022,Serbia,Europe,Asia,21.0,40,20,14,6,70,45,5,8,1.6666666666666667,2.6666666666666665,-1.0,0,0,0,0.0,0.0,0.0,29,0.625
2022,Wales,Europe,Asia,19.0,42,20,11,11,47,40,1,6,0.3333333333333333,2.0,-1.6666666666666667,0,0,0,0.0,0.0,0.0,30,0.16666666666666666
2022,Canada,North America,Asia,41.0,40,28,4,8,115,27,2,7,0.6666666666666666,2.333333333333333,-1.6666666666666667,0,0,0,0.0,0.0,0.0,31,2.2
2022,Qatar,Asia,Asia,50.0,61,34,10,17,105,65,1,7,0.3333333333333333,2.333333333333333,-2.0,0,0,0,0.0,0.0,0.0,32,0.6557377049180327
 